קוד,פריט,משפחת פריט,קבוצת פריט,צורת ניהול מלאי,יחידת מידה,איפיון פריט 06,איפיון חברה,מזהה מדבקה לפריט
GLG-L-PETRI DISH-GLASS-75MM,צלחת פטרי זכוכית - קוטר 75 ממ,חמרי ניקוי,חמרי ניקוי,רגיל,יחידה,,גרין גלובל,26961009
GLG-L-PETRI DISH-GLASS-120MM,צלחת פטרי זכוכית - קוטר 120 ממ,חמרי ניקוי,חמרי ניקוי,רגיל,יחידה,,גרין גלובל,26960904
GLG-L-JAR-GLASS-120MM,צנצנת זכוכית 380 מל + מכסה זהב,חמרי ניקוי,חמרי ניקוי,רגיל,יחידה,,גרין גלובל,26960744
GLG-R-OLEATE-1KG,"סודיום אולאט - 1 ק""ג",חמרי ניקוי,חמרי ניקוי,רגיל,1KG,,גרין גלובל,26564445
GLG-P-B04,ארגז מסטר דו גלי ל-12 בק' 285/250/245,חמרי ניקוי,חמרי ניקוי,רגיל,יחידה,,גרין גלובל,25610578
GLG-P-B02,ארגז עבה גדול 375/275/290,חמרי ניקוי,חמרי ניקוי,רגיל,יחידה,,גרין גלובל,25578380
GLG-DG-DECLARATION-IMDG,"הצהרת חומ""ס - שינוע ימי",חמרי ניקוי,חמרי ניקוי,רגיל,UNIT,,גרין גלובל,25572095
GLG-P-B03,ארגז עבה קטן 375/275/150,חמרי ניקוי,חמרי ניקוי,רגיל,יחידה,,גרין גלובל,25572084
GLG-BASE7460-1KG,"מוצר בסיס 7460 - 1 ק""ג",חמרי ניקוי,חמרי ניקוי,אצווה,1KG,,גרין גלובל,25406034
GLG-P-C60,שקית אבקות,חמרי ניקוי,חמרי ניקוי,רגיל,יחידה,,גרין גלובל,25405858
GLG-T-WATER ELEMENTS TEST,בדיקת רעלים במי שתייה,חמרי ניקוי,חמרי ניקוי,רגיל,יחידה,,גרין גלובל,25335036
GLG-P-L50,פקק בטיחות קטן,חמרי ניקוי,חמרי ניקוי,רגיל,יחידה,,גרין גלובל,25296742
GLG-R-Q5%-1L,חומצה אצטית 5%,חמרי ניקוי,חמרי ניקוי,רגיל,1L,,,25296738
GLG-BASE8913-1KG,"מוצר בסיס 8913 - 1 ק""ג",חמרי ניקוי,חמרי ניקוי,אצווה,1KG,,גרין גלובל,25291817
GLG-BASE8612-1KG,"מוצר בסיס 8612 - 1 ק""ג",חמרי ניקוי,חמרי ניקוי,אצווה,1KG,,גרין גלובל,25291815
GLG-BASE8510-1KG,"מוצר בסיס 8510 - 1 ק""ג",חמרי ניקוי,חמרי ניקוי,אצווה,1KG,,גרין גלובל,25291813
GLG-BASE8111-1KG,"מוצר בסיס 8111 - 1 ק""ג",חמרי ניקוי,חמרי ניקוי,אצווה,1KG,,גרין גלובל,25291811
GLG-BASE6818-1KG,"מוצר בסיס 6818 - 1 ק""ג",חמרי ניקוי,חמרי ניקוי,אצווה,1KG,,גרין גלובל,25291809
GLG-BASE6814-1KG,"מוצר בסיס 6814 - 1 ק""ג",חמרי ניקוי,חמרי ניקוי,אצווה,1KG,,גרין גלובל,25291807
GLG-BASE6209-1KG,"מוצר בסיס 6209 - 1 ק""ג",חמרי ניקוי,חמרי ניקוי,אצווה,1KG,,גרין גלובל,25291805
GLG-BASE6010-1KG,"מוצר בסיס 6010 - 1 ק""ג",חמרי ניקוי,חמרי ניקוי,אצווה,1KG,,גרין גלובל,25291803
GLG-BASE6011-1KG,"מוצר בסיס 6011 - 1 ק""ג",חמרי ניקוי,חמרי ניקוי,אצווה,1KG,,גרין גלובל,25291801
GLG-BASE6002-1KG,"מוצר בסיס 6002 - 1 ק""ג",חמרי ניקוי,חמרי ניקוי,אצווה,1KG,,גרין גלובל,25291797
GLG-BASE7076-1KG,"מוצר בסיס 7076 - 1 ק""ג",חמרי ניקוי,חמרי ניקוי,אצווה,1KG,,גרין גלובל,25291795
GLG-BASE3712-1KG,"מוצר בסיס 3712 - 1 ק""ג",חמרי ניקוי,חמרי ניקוי,אצווה,1KG,,גרין גלובל,25291793
GLG-BASE3317-1KG,"מוצר בסיס 3317 - 1 ק""ג",חמרי ניקוי,חמרי ניקוי,אצווה,1KG,,גרין גלובל,25291791
GLG-BASE3312-1KG,"מוצר בסיס 3312 - 1 ק""ג",חמרי ניקוי,חמרי ניקוי,אצווה,1KG,,גרין גלובל,25291789
GLG-BASE2101-1KG,"מוצר בסיס 2101 - 1 ק""ג",חמרי ניקוי,חמרי ניקוי,אצווה,1KG,,גרין גלובל,25291787
GLG-P-STICKER-LARGE,מדבקה גדולה (אריזות של 25 ליטר ומעלה),חמרי ניקוי,חמרי ניקוי,רגיל,יחידה,,גרין גלובל,25291785
GLG-P-STICKER-SMALL,מדבקה קטנה (עד אריזות 5 ליטר),חמרי ניקוי,חמרי ניקוי,רגיל,יחידה,,גרין גלובל,25291783
GLG-P-L10,פקק לג'ריקן 5 ליטר טבעי,חמרי ניקוי,חמרי ניקוי,רגיל,יחידה,,גרין גלובל,25291746
GLG-R-S06-1KG,ריח 06 - סופטי,חמרי ניקוי,חמרי ניקוי,אצווה,1KG,,גרין גלובל,25291744
GLG-R-S05-1KG,ריח 05 - קול בלו 4363,חמרי ניקוי,חמרי ניקוי,אצווה,1KG,,גרין גלובל,25291741
GLG-R-S04-1KG,ריח 04 - פטל מלונות,חמרי ניקוי,חמרי ניקוי,אצווה,1KG,,גרין גלובל,25291739
GLG-R-S03-1KG,ריח 03 - מסיר גריז,חמרי ניקוי,חמרי ניקוי,אצווה,1KG,,גרין גלובל,25291737
GLG-R-S02-1KG,ריח 02 - אביב/לגונה,חמרי ניקוי,חמרי ניקוי,אצווה,1KG,,גרין גלובל,25291735
GLG-R-S01-1KG,ריח 01 - לימון,חמרי ניקוי,חמרי ניקוי,אצווה,173KG,,גרין גלובל,25291732
GLG-R-WW-1G,צבען צהוב K7164-J,חמרי ניקוי,חמרי ניקוי,אצווה,173KG,,גרין גלובל,25291729
GLG-R-XX-1G,צבען כחול 050601,חמרי ניקוי,חמרי ניקוי,אצווה,1GR,,גרין גלובל,25291727
GLG-R-YY-1G,צבען אדום 07004,חמרי ניקוי,חמרי ניקוי,אצווה,1GR,,גרין גלובל,25291725
GLG-R-ZZ-1G,צבען ירוק W7035,חמרי ניקוי,חמרי ניקוי,אצווה,173KG,,גרין גלובל,25291664
GLG-R-U-1L,איזופרופיל אלכוהול 99.8% (ג'ריקן 18 ליטר),חמרי ניקוי,חמרי ניקוי,אצווה,1L,,תעשיות,25291659
GLG-R-T-1KG,TKPP,חמרי ניקוי,חמרי ניקוי,אצווה,1KG,,,25291657
GLG-R-S-1KG,"חומר פעיל שטח APG 0814 (חבית 200 ק""ג)",חמרי ניקוי,חמרי ניקוי,אצווה,1KG,,גרין גלובל,25291655
GLG-R-R-1KG,גליצרול כשר לפסח,חמרי ניקוי,חמרי ניקוי,אצווה,1KG,,גרין גלובל,25291649
GLG-R-N99%-1KG,"טריאתנול אמין TEA 99% (חבית 225 ק""ג)",חמרי ניקוי,חמרי ניקוי,אצווה,1KG,,תעשיות,25291641
GLG-R-K70%-1L,אתנול 70% - (ג'ריקן 18 ליטר),חמרי ניקוי,חמרי ניקוי,אצווה,1L,,תעשיות,25291634
GLG-R-K96%-1L,אתנול 96% (חבית 210 ליטר),חמרי ניקוי,חמרי ניקוי,אצווה,1L,,תעשיות,25291625
GLG-R-J-1KG,"חומצה ציטרית (שק 25 ק""ג)",חמרי ניקוי,חמרי ניקוי,אצווה,1KG,,גרין גלובל,25291618
GLG-R-I-1KG,"טריסודיום ציטראט (שק 25 ק""ג)",חמרי ניקוי,חמרי ניקוי,אצווה,1KG,,גרין גלובל,25291616
GLG-R-G75%-1KG,"חומצה פוספורית 75% (מיכל תקני 35 ק""ג)",חמרי ניקוי,חמרי ניקוי,אצווה,1KG,,תעשיות,25291609
GLG-R-G85%-1KG,"חומצה פוספורית 85% (מיכל תקני 35 ק""ג)",חמרי ניקוי,חמרי ניקוי,אצווה,1KG,,תעשיות,25291597
GLG-R-E-1L,בוטיל גליקול (קובייה 1000 ליטר),חמרי ניקוי,חמרי ניקוי,אצווה,1L,,תעשיות,25291583
GLG-R-C-1KG,"סודיום מטה סיליקאט (שק 25 ק""ג)",חמרי ניקוי,חמרי ניקוי,אצווה,1KG,,תעשיות,25291580
GLG-R-B-1KG,"ברול 226 ENV plus (חבית 180 ק""ג)",חמרי ניקוי,חמרי ניקוי,אצווה,1KG,,גרין גלובל,25291567
GLG-R-A-1L,מים מטופלים,חמרי ניקוי,חמרי ניקוי,רגיל,1L,,גרין גלובל,25291522
GLG-DEPOSIT-35L,פקדון ג'ריקן 35 ליטר,חמרי ניקוי,חמרי ניקוי,רגיל,35L,,גרין גלובל,25274601
GLG-L-CN-GLOVES-LATEX-NO-TALC-XL,כפפות לטקס ללא טלק XL-קופסא 100 יח',מעבדה,מעבדה,רגיל,קופסא,,גרין גלובל,25130688
GLG-3712-42310000-750ML,"מסיר חלודה תעשייתי, תרסיס 750 מ""ל",חמרי ניקוי,חמרי ניקוי,אצווה,750ML,תעשייתי,גרין גלובל,24848212
GLG-M5V,מנוע חשמלי מהירות משתנה,חמרי ניקוי,חמרי ניקוי,רגיל,יחידה,,גרין גלובל,24714252
GLG-SFM-40,"משאבת חבית 140 ל/ד, מבנה PP, קוטר 40, אורך 1 מטר",חמרי ניקוי,חמרי ניקוי,רגיל,יחידה,,גרין גלובל,24714215
GLG-7460-42310105-750ML,"נוזל לניקוי והברקת משטחים בניחות מרענן, תרסיס 750 מ""ל",חמרי ניקוי,חמרי ניקוי,אצווה,750ML,בייתי,גרין גלובל,24195732
GLG-7461-20100105-5L,"נוזל לניקוי והברקה בניחוח מרענן, ג'ריקן 5 ליטר",חמרי ניקוי,חמרי ניקוי,אצווה,5L,תעשייתי,גרין גלובל,24192093
GLG-7461-23100105-25L,"נוזל לניקוי והברקה בניחוח מרענן, ג'ריקן 25 ליטר",חמרי ניקוי,חמרי ניקוי,אצווה,25L,תעשייתי,גרין גלובל,24191997
GLG-7461-42310105-750ML,"נוזל לניקוי והברקה בניחוח מרענן, תרסיס 750 מ""ל",חמרי ניקוי,חמרי ניקוי,אצווה,750ML,תעשייתי,גרין גלובל,24191827
GLG-7460-20100105-5L,"נוזל לניקוי והברקת משטחים בניחוח מרענן, ג'ריקן 5 ליטר",חמרי ניקוי,חמרי ניקוי,אצווה,5L,בייתי,גרין גלובל,24191644
GLG-7460-2310105-25L,"נוזל לניקוי והברקת משטחים בניחוח מרענן, ג'ריקן 25 ליטר",חמרי ניקוי,חמרי ניקוי,אצווה,25L,בייתי,גרין גלובל,24191377
GLG-N-6324-99000002-KIT,"ערכה להכנת 100 ק""ג נוזל לניקוי והסרת כתמים מבדים בניחוח אביב",חמרי ניקוי,חמרי ניקוי,רגיל,KIT,תעשייתי,גרין גלובל,24043748
GLG-N-3318-99000000-KIT,"ערכה להכנת 100 ק""ג מסיר אבנית למכונות קפה",חמרי ניקוי,חמרי ניקוי,רגיל,KIT,תעשייתי,גרין גלובל,24043618
GLG-6871-20100201-5L,"נוזל כלים בניחוח לימון, ג'ריקן 5 ליטר",חמרי ניקוי,חמרי ניקוי,רגיל,5L,,גרין גלובל,24004165
GLG-6871-42310201-750ML,"נוזל כלים בניחוח לימון, תרסיס 750 מ""ל",חמרי ניקוי,חמרי ניקוי,רגיל,750ML,,גרין גלובל,24003846
GLG-6871-23010201-25L,"נוזל כלים בניחוח לימון, ג'ריקן 25 ליטר",חמרי ניקוי,חמרי ניקוי,רגיל,25L,,גרין גלובל,23978877
GLG-L-VISC-CAL-LIQ-60000mPas,תמיסת כיול לויסקומטר 100 mPas,חמרי ניקוי,חמרי ניקוי,רגיל,500ML,,גרין גלובל,23945586
GLG-L-VISC-CAL-LIQ-5mPas,תמיסת כיול לויסקומטר 5 mPas,חמרי ניקוי,חמרי ניקוי,רגיל,500ML,,גרין גלובל,23945419
GLG-L-VOLS1-ADAPTER,מתאם לויסקומטר 1.5-2500000,חמרי ניקוי,חמרי ניקוי,רגיל,יחידה,,גרין גלובל,23945385
GLG-6003-01000000-1000L,"מסיר שומנים לתעשיית המזון והמשקאות, קובייה 1000 ליטר",חמרי ניקוי,חמרי ניקוי,אצווה,1000L,תעשייתי,גרין גלובל,23884855
GLG-DEPOSIT-RETURN-1000L,החזרת קוביה 1000 ליטר לא פעיל,חמרי ניקוי,חמרי ניקוי,רגיל,1000L,,גרין גלובל,23841921
GLG-DEPOSIT-RETURN-200L,החזרת חבית 200 ליטר - לא פעיל,חמרי ניקוי,חמרי ניקוי,רגיל,200L,,גרין גלובל,23841696
GLG-DEPOSIT-RETURN-25L,החזרת מיכל 25 ליטר- לא פעיל,חמרי ניקוי,חמרי ניקוי,רגיל,25L,,גרין גלובל,23841518
GLG-L-VIAL-T44ML,"וייל פקק הברגה 44 מ""ל",חמרי ניקוי,חמרי ניקוי,רגיל,קופסא,,גרין גלובל,23596780
GLG-8510-41300000-500ML,"מסיר צבע, בקבוק 500 מ""ל",חמרי ניקוי,חמרי ניקוי,אצווה,500ML,תעשייתי,גרין גלובל,23558634
GLG-L-BUFFER-PH10,תמיסת בופר לכיול - pH 10,MRC,כללי GLG,רגיל,יחידה,,גרין גלובל,23514699
GLG-L-BUFFER-PH4,תמיסת בופר לכיול - pH 4,MRC,כללי GLG,רגיל,יחידה,,גרין גלובל,23514569
GLG-L-BUFFER-PH7,תמיסת בופר לכיול - pH 7,MRC,כללי GLG,רגיל,יחידה,,גרין גלובל,23514292
GLG-L-PHMETER,מד חומציות שולחני,MRC,כללי GLG,רגיל,יחידה,,גרין גלובל,23512400
GLG-L-CYLINDER-5ML,"משורה 5 מ""ל",חמרי ניקוי,חמרי ניקוי,רגיל,יחידה,,גרין גלובל,23382162
GLG-R-OLEIC-ACID-1L,אולאיק אסיד - בקבוק 1 ליטר  S.P   C18H34O2,חמרי ניקוי,חמרי ניקוי,אצווה,1L,,גרין גלובל,22789001
GLG-L-GRINDER-SM-450,מטחנת להבים מעבדתית לחומרים יבשים עם כוס,מעבדה,חמרי ניקוי,רגיל,יחידה,,גרין גלובל,22722514
GLG-L-GAS-INLET,כניסת גז לתנור,מעבדה,חמרי ניקוי,רגיל,יחידה,,גרין גלובל,22722482
GLG-L-OVEN-DFO-36,תנור מעבדה עם סחרור אויר נפח 36 ליטר/250צ,מעבדה,חמרי ניקוי,רגיל,יחידה,,גרין גלובל,22722336
GLG-PALLET-DEPOSIT,פקדון למשטח,חמרי ניקוי,חמרי ניקוי,רגיל,יחידה,,גרין גלובל,22040650
GLG-N-7460-99000000-KIT,"ערכה להכנת 100 ק""ג נוזל לניקוי שמשות וחלונות",חמרי ניקוי,חמרי ניקוי,רגיל,KIT,תעשייתי,גרין גלובל,21585860
GLG-N-2101-99000000-KIT,"ערכה להכנת 100 ק""ג מרכך כביסה ללא ריח",חמרי ניקוי,חמרי ניקוי,רגיל,KIT,תעשייתי,גרין גלובל,21585847
GLG-L-VISCOMETER-HAKKE-D/L,ויסקומטר HAKKE מודל D גירסא L,חמרי ניקוי,חמרי ניקוי,רגיל,יחידה,,גרין גלובל,21473976
GLG-7723-42310001-750ML,"תרכיז לניקוי ריהוט גן בניחוח לימון, תרסיס 750 מ""ל",חמרי ניקוי,חמרי ניקוי,אצווה,750ML,בייתי,גרין גלובל,21119396
GLG-7723-23010001-25L,"תרכיז לניקוי ריהוט גן בניחוח לימון, ג'ריקן 25 ליטר",חמרי ניקוי,חמרי ניקוי,אצווה,25L,בייתי,גרין גלובל,21115307
GLG-7723-20100001-5L,"תרכיז לניקוי ריהוט גן בניחוח לימון, ג'ריקן 5 ליטר",חמרי ניקוי,חמרי ניקוי,אצווה,5L,בייתי,גרין גלובל,21113882
GLG-L-TIP-BOE-1-5ML-250,"טיפ לפיפטור 1-5 מ""ל ל-BOE,Microlit,Genex",מעבדה,חמרי ניקוי,רגיל,שקית,,גרין גלובל,20509013
GLG-L-AUTOPIPETTE-0.5-5ML,"פיפטה אוטומטית 0.5-5 מ""ל BOECO",מעבדה,חמרי ניקוי,רגיל,יחידה,,גרין גלובל,20508843
GLG-L-TIP-BOE-1-10ML-100,"טיפ לפיפטור 1-10 מ""ל ל Finpipettr,BOE,Microlit-שקית 100 יח'",מעבדה,חמרי ניקוי,רגיל,שקית,,גרין גלובל,20508731
GLG-8612-41300000-500ML,"מסיר מדבקות, בקבוק 500 מ""ל",חמרי ניקוי,חמרי ניקוי,אצווה,500ML,תעשייתי,גרין גלובל,20345950
GLG-L-AUTOPIPETTE-1-10ML,"פיפטור טווח 1-10 מיליליטר, Boeco SA Series",מעבדה,חמרי ניקוי,רגיל,יחידה,,גרין גלובל,20307822
GLG-6003-10000000-200L,"מסיר שומנים לתעשיית המזון והמשקאות, חבית 200 ליטר",חמרי ניקוי,חמרי ניקוי,אצווה,200L,תעשייתי,גרין גלובל,20274521
GLG-3312-42310000-750ML,"מסיר אבנית תעשייתי, תרסיס 750 מ""ל",חמרי ניקוי,חמרי ניקוי,אצווה,750ML,תעשייתי,גרין גלובל,20113963
GLG-3303-20100000-5L,"מסיר אבן חלב, ג'ריקן 5 ליטר",חמרי ניקוי,חמרי ניקוי,אצווה,5L,תעשייתי,גרין גלובל,20104790
GLG-3303-23000000-25L,"מסיר אבן חלב, ג'ריקן 25 ליטר",חמרי ניקוי,חמרי ניקוי,אצווה,25L,תעשייתי,גרין גלובל,20104762
GLG-DEPOSIT-25L,פקדון ג'ריקן 25 ליטר,חמרי ניקוי,חמרי ניקוי,רגיל,25L,,גרין גלובל,20098112
GLG-DEPOSIT-200L,פקדון חבית 200 ליטר,חמרי ניקוי,חמרי ניקוי,רגיל,200L,,גרין גלובל,20098074
GLG-DEPOSIT-1000L,פקדון קוביה 1000 ליטר,חמרי ניקוי,חמרי ניקוי,רגיל,1000L,,גרין גלובל,20098003
GLG-8622-41300000-500ML,"מסיר וממיס מדבקות, בקבוק 500 מ""ל",חמרי ניקוי,חמרי ניקוי,אצווה,500ML,מוסדי,גרין גלובל,20090440
GLG-8622-23010000-25L,"מסיר וממיס מדבקות, ג'ריקן 25 ליטר",חמרי ניקוי,חמרי ניקוי,אצווה,25L,מוסדי,גרין גלובל,20090437
GLG-8622-20100000-5L,"מסיר וממיס מדבקות, ג'ריקן 5 ליטר",חמרי ניקוי,חמרי ניקוי,אצווה,5L,מוסדי,גרין גלובל,20090435
GLG-8613-23010000-25L,"מסיר מדבקות ממסועים, ג'ריקן 25 ליטר",חמרי ניקוי,חמרי ניקוי,אצווה,25L,תעשייתי,גרין גלובל,20090432
GLG-8613-20100000-5L,"מסיר מדבקות ממסועים, ג'ריקן 5 ליטר",חמרי ניקוי,חמרי ניקוי,אצווה,5L,תעשייתי,גרין גלובל,20090430
GLG-7789-42310000-750ML,"נוזל לניקוי משטחי פלסטיק וברזנט, תרסיס 750 מ""ל",חמרי ניקוי,חמרי ניקוי,אצווה,750ML,מוסדי,גרין גלובל,20090428
GLG-7789-23010000-25L,"נוזל לניקוי משטחי פלסטיק וברזנט, ג'ריקן 25 ליטר",חמרי ניקוי,חמרי ניקוי,אצווה,25L,מוסדי,גרין גלובל,20090425
GLG-7789-20100000-5L,"נוזל לניקוי משטחי פלסטיק וברזנט, ג'ריקן 5 ליטר",חמרי ניקוי,חמרי ניקוי,אצווה,5L,מוסדי,גרין גלובל,20090423
GLG-7788-42310000-750ML,"נוזל רב-תכליתי לניקוי משטחים, תרסיס 750 מ""ל",חמרי ניקוי,חמרי ניקוי,אצווה,750ML,מוסדי,גרין גלובל,20090421
GLG-7788-23010000-25L,"נוזל רב-תכליתי לניקוי משטחים, ג'ריקן 25 ליטר",חמרי ניקוי,חמרי ניקוי,אצווה,25L,מוסדי,גרין גלובל,20090418
GLG-7788-20100000-5L,"נוזל רב-תכליתי לניקוי משטחים, ג'ריקן 5 ליטר",חמרי ניקוי,חמרי ניקוי,אצווה,5L,מוסדי,גרין גלובל,20090416
GLG-7771-41310000-500ML,"נוזל ניקוי רב-תכליתי למשטחי כלי שיט, תרסיס 500 מ""ל",חמרי ניקוי,חמרי ניקוי,אצווה,500ML,ימי,גרין גלובל,20090414
GLG-7771-23010000-25L,"נוזל ניקוי רב-תכליתי למשטחי כלי שיט, ג'ריקן 25 ליטר",חמרי ניקוי,חמרי ניקוי,אצווה,25L,ימי,גרין גלובל,20090411
GLG-7771-20100000-5L,"נוזל ניקוי רב-תכליתי למשטחי כלי שיט, ג'ריקן 5 ליטר",חמרי ניקוי,חמרי ניקוי,אצווה,5L,ימי,גרין גלובל,20090409
GLG-7770-41300000-500ML,"נוזל מרוכז לשטיפת כלי שיט, בקבוק 500 מ""ל",חמרי ניקוי,חמרי ניקוי,אצווה,500ML,ימי,גרין גלובל,20090407
GLG-7770-23010000-25L,"נוזל מרוכז לשטיפת תכלי שיט, ג'ריקן 25 ליטר",חמרי ניקוי,חמרי ניקוי,אצווה,25L,ימי,גרין גלובל,20090404
GLG-7770-20100000-5L,"נוזל מרוכז לשטיפת תכלי שיט, ג'ריקן 5 ליטר",חמרי ניקוי,חמרי ניקוי,אצווה,5L,ימי,גרין גלובל,20090402
GLG-7722-23010000-25L,"נוזל לניקוי ריהוט גן, ג'ריקן 25 ליטר",חמרי ניקוי,חמרי ניקוי,אצווה,25L,בייתי,גרין גלובל,20090399
GLG-7722-20100000-5L,"נוזל לניקוי ריהוט גן, ג'ריקן 5 ליטר",חמרי ניקוי,חמרי ניקוי,אצווה,5L,בייתי,גרין גלובל,20090397
GLG-7721-23010000-25L,"נוזל לניקוי משטחים רב-תכליתי, ג'ריקן 25 ליטר",חמרי ניקוי,חמרי ניקוי,אצווה,25L,בייתי,גרין גלובל,20090394
GLG-7721-20100000-5L,"נוזל לניקוי משטחים רב-תכליתי, ג'ריקן 5 ליטר",חמרי ניקוי,חמרי ניקוי,אצווה,5L,בייתי,גרין גלובל,20090392
GLG-7452-41310105-500ML,"נוזל לניקוי והברקת משטחים וזכוכית בכלי שיט בניחוח מרענן, תרסיס 500 מ""ל",חמרי ניקוי,חמרי ניקוי,אצווה,500ML,ימי,גרין גלובל,20090390
GLG-7452-23010105-25L,"נוזל לניקוי והברקת משטחים וזכוכית בכלי שיט בניחוח מרענן, ג'ריקן 25 ליטר",חמרי ניקוי,חמרי ניקוי,אצווה,25L,ימי,גרין גלובל,20090387
GLG-7452-20100105-5L,"נוזל לניקוי והברקת משטחים וזכוכית בכלי שיט בניחוח מרענן, ג'ריקן 5 ליטר",חמרי ניקוי,חמרי ניקוי,אצווה,5L,ימי,גרין גלובל,20090385
GLG-7451-42310105-750ML,"נוזל לניקוי והברקה בניחוח מרענן, תרסיס 750 מ""ל",חמרי ניקוי,חמרי ניקוי,אצווה,750ML,תעשייתי,גרין גלובל,20090383
GLG-7451-23010105-25L,"נוזל לניקוי והברקה בניחוח מרענן, ג'ריקן 25 ליטר",חמרי ניקוי,חמרי ניקוי,אצווה,25L,תעשייתי,גרין גלובל,20090380
GLG-7451-20100105-5L,"נוזל לניקוי והברקה בניחוח מרענן, ג'ריקן 5 ליטר",חמרי ניקוי,חמרי ניקוי,אצווה,5L,תעשייתי,גרין גלובל,20090378
GLG-7139-23010201-25L,"נוזל כלים בניחוח לימון, ג'ריקן 25 ליטר",חמרי ניקוי,חמרי ניקוי,אצווה,25L,בייתי,גרין גלובל,20090375
GLG-7139-20100201-5L,"נוזל כלים בניחוח לימון, ג'ריקן 5 ליטר",חמרי ניקוי,חמרי ניקוי,אצווה,5L,בייתי,גרין גלובל,20090373
GLG-7138-42340201-750ML,"נוזל כלים בניחוח לימון, בקבוק לחיץ 750 מ""ל",חמרי ניקוי,חמרי ניקוי,אצווה,750ML,מוסדי,גרין גלובל,20090371
GLG-7078-42310000-750ML,"נוזל ניקוי רב תכליתי לניקוי משטחים, תרסיס 750 מ""ל",חמרי ניקוי,חמרי ניקוי,אצווה,750ML,תעשייתי,גרין גלובל,20090369
GLG-7078-23010000-25L,"נוזל ניקוי רב תכליתי לניקוי משטחים, ג'ריקן 25 ליטר",חמרי ניקוי,חמרי ניקוי,אצווה,25L,תעשייתי,גרין גלובל,20090366
GLG-7078-20100000-5L,"נוזל ניקוי רב תכליתי לניקוי משטחים, ג'ריקן 5 ליטר",חמרי ניקוי,חמרי ניקוי,אצווה,5L,תעשייתי,גרין גלובל,20090364
GLG-6819-41300002-500ML,"נוזל ניקוי רב תכליתי בניחוח אביב, בקבוק 500 מ""ל",חמרי ניקוי,חמרי ניקוי,אצווה,500ML,בייתי,גרין גלובל,20090362
GLG-6818-41300000-500ML,"תרכיז ניקוי רב תכליתי, בקבוק 500 מ""ל",חמרי ניקוי,חמרי ניקוי,אצווה,500ML,בייתי,גרין גלובל,20090360
GLG-6813-42300305-750ML,"נוזל כביסה מרוכז בניחוח מרענן, בקבוק 750 מ""ל",חמרי ניקוי,חמרי ניקוי,אצווה,750ML,מוסדי,גרין גלובל,20090358
GLG-6713-42300002-750ML,"תרכיז לניקוי רצפה בניחוח אביב, בקבוק 750 מ""ל",חמרי ניקוי,חמרי ניקוי,אצווה,750ML,בייתי,גרין גלובל,20090356
GLG-6713-20100002-5L,"תרכיז לניקוי רצפה בניחוח אביב, ג'ריקן 5 ליטר",חמרי ניקוי,חמרי ניקוי,אצווה,5L,בייתי,גרין גלובל,20090354
GLG-6330-41310005-500ML,"נוזל לניקוי ספות בכלי שיט בניחוח מרענן, תרסיס 500 מ""ל",חמרי ניקוי,חמרי ניקוי,אצווה,500ML,ימי,גרין גלובל,20090352
GLG-6330-23010005-25L,"נוזל לניקוי ספות בכלי שיט בניחוח מרענן, ג'ריקן 25 ליטר",חמרי ניקוי,חמרי ניקוי,אצווה,25L,ימי,גרין גלובל,20090349
GLG-6330-20100005-5L,"נוזל לניקוי ספות בכלי שיט בניחוח מרענן, ג'ריקן 5 ליטר",חמרי ניקוי,חמרי ניקוי,אצווה,5L,ימי,גרין גלובל,20090347
GLG-6329-41310002-500ML,"נוזל לניקוי והסרת כתמים ממוצרי עור בניחוח אביב, תרסיס 500 מ""ל",חמרי ניקוי,חמרי ניקוי,אצווה,500ML,בייתי,גרין גלובל,20090345
GLG-6329-23010003-25L,"נוזל לניקוי והסרת כתמים ממוצרי עור מבושם, ג'ריקן 25 ליטר",חמרי ניקוי,חמרי ניקוי,אצווה,25L,בייתי,גרין גלובל,20090342
GLG-6329-20100003-5L,"נוזל לניקוי והסרת כתמים ממוצרי עור מבושם, ג'ריקן 5 ליטר",חמרי ניקוי,חמרי ניקוי,אצווה,5L,בייתי,גרין גלובל,20090340
GLG-6328-23010005-25L,"נוזל לניקוי והסרת כתמים מבדים סינטטיים בניחוח מרענן, ג'ריקן 25 ליטר",חמרי ניקוי,חמרי ניקוי,אצווה,25L,בייתי,גרין גלובל,20090337
GLG-6328-20100005-5L,"נוזל לניקוי והסרת כתמים מבדים סינטטיים בניחוח מרענן, ג'ריקן 5 ליטר",חמרי ניקוי,חמרי ניקוי,אצווה,5L,בייתי,גרין גלובל,20090335
GLG-6326-23010004-25L,"נוזל לניקוי והסרת כתמים מספות בניחוח עדין, ג'ריקן 25 ליטר",חמרי ניקוי,חמרי ניקוי,אצווה,25L,בייתי,גרין גלובל,20090332
GLG-6326-20100004-5L,"נוזל לניקוי והסרת כתמים מספות בניחוח עדין, ג'ריקן 5 ליטר",חמרי ניקוי,חמרי ניקוי,אצווה,5L,בייתי,גרין גלובל,20090330
GLG-6325-23010002-25L,"נוזל לניקוי והסרת כתמים מבגדים בניחוח אביב, ג'ריקן 25 ליטר",חמרי ניקוי,חמרי ניקוי,אצווה,25L,בייתי,גרין גלובל,20090327
GLG-6325-20100002-5L,"נוזל לניקוי והסרת כתמים מבגדים בניחוח אביב, ג'ריקן 5 ליטר",חמרי ניקוי,חמרי ניקוי,אצווה,5L,בייתי,גרין גלובל,20090325
GLG-6324-42310002-750ML,"נוזל לניקוי והסרת כתמים מבדים בניחוח אביב, תרסיס 750 מ""ל",חמרי ניקוי,חמרי ניקוי,אצווה,750ML,מוסדי,גרין גלובל,20090323
GLG-6324-23010002-25L,"נוזל לניקוי והסרת כתמים מבדים בניחוח אביב, ג'ריקן 25 ליטר",חמרי ניקוי,חמרי ניקוי,אצווה,25L,מוסדי,גרין גלובל,20090320
GLG-6324-20100002-5L,"נוזל לניקוי והסרת כתמים מבדים בניחוח אביב, ג'ריקן 5 ליטר",חמרי ניקוי,חמרי ניקוי,אצווה,5L,מוסדי,גרין גלובל,20090318
GLG-6323-42310004-750ML,"נוזל לניקוי והסרת כתמים מספות בניחוח עדין, תרסיס 750 מ""ל",חמרי ניקוי,חמרי ניקוי,אצווה,750ML,מוסדי,גרין גלובל,20090316
GLG-6323-23010004-25L,"נוזל לניקוי והסרת כתמים מספות בניחוח עדין, ג'ריקן 25 ליטר",חמרי ניקוי,חמרי ניקוי,אצווה,25L,מוסדי,גרין גלובל,20090313
GLG-6323-20100004-5L,"נוזל לניקוי והסרת כתמים מספות בניחוח עדין, ג'ריקן 5 ליטר",חמרי ניקוי,חמרי ניקוי,אצווה,5L,מוסדי,גרין גלובל,20090311
GLG-6061-42300400-750ML,"נוזל לניקוי משטחי עבודה בספינות דיג, בקבוק 750 מ""ל",חמרי ניקוי,חמרי ניקוי,אצווה,750ML,ימי,גרין גלובל,20090309
GLG-6061-41310400-500ML,"נוזל לניקוי משטחי עבודה בספינות דיג, תרסיס 500 מ""ל",חמרי ניקוי,חמרי ניקוי,אצווה,500ML,ימי,גרין גלובל,20090307
GLG-6061-23010000-25L,"נוזל לניקוי משטחי עבודה בספינות דיג, ג'ריקן 25 ליטר",חמרי ניקוי,חמרי ניקוי,אצווה,25L,ימי,גרין גלובל,20090304
GLG-6061-20100000-5L,"נוזל לניקוי משטחי עבודה בספינות דיג, ג'ריקן 5 ליטר",חמרי ניקוי,חמרי ניקוי,אצווה,5L,ימי,גרין גלובל,20090302
GLG-6060-41300400-500ML,"מסיר שומנים מרוכז, בקבוק 500 מ""ל",חמרי ניקוי,חמרי ניקוי,אצווה,500ML,ימי,גרין גלובל,20090300
GLG-6060-23010400-25L,"מסיר שומנים מרוכז, ג'ריקן 25 ליטר",חמרי ניקוי,חמרי ניקוי,אצווה,25L,ימי,גרין גלובל,20090297
GLG-6060-20100400-5L,"מסיר שומנים מרוכז, ג'ריקן 5 ליטר",חמרי ניקוי,חמרי ניקוי,אצווה,5L,ימי,גרין גלובל,20090295
GLG-6052-23010403-25L,"מנקה גריל ותנורים מבושם, ג'ריקן 25 ליטר",חמרי ניקוי,חמרי ניקוי,אצווה,25L,בייתי,גרין גלובל,20090292
GLG-6052-20100403-5L,"מנקה גריל ותנורים מבושם, ג'ריקן 5 ליטר",חמרי ניקוי,חמרי ניקוי,אצווה,5L,בייתי,גרין גלובל,20090290
GLG-6051-20100402-5L,"מסיר שומנים חזק למטבח בניחוח אביב, ג'ריקן 5 ליטר",חמרי ניקוי,חמרי ניקוי,אצווה,5L,בייתי,גרין גלובל,20090288
GLG-6044-23010000-25L,"נוזל לניקוי פירות וירקות, 25 ליטר",חמרי ניקוי,חמרי ניקוי,אצווה,25L,בייתי,גרין גלובל,20090285
GLG-6044-20100000-5L,"נוזל לניקוי פירות וירקות, ג'ריקן 5 ליטר",חמרי ניקוי,חמרי ניקוי,אצווה,5L,בייתי,גרין גלובל,20090283
GLG-6043-42300000-750ML,"נוזל ניקוי לשטיפת פירות וירקות, בקבוק 750 מ""ל",חמרי ניקוי,חמרי ניקוי,אצווה,750ML,מוסדי,גרין גלובל,20090281
GLG-6043-23010000-25L,"נוזל ניקוי לשטיפת פירות וירקות, 25 ליטר",חמרי ניקוי,חמרי ניקוי,אצווה,25L,מוסדי,גרין גלובל,20090278
GLG-6043-20100000-5L,"נוזל ניקוי לשטיפת פירות וירקות, ג'ריקן 5 ליטר",חמרי ניקוי,חמרי ניקוי,אצווה,5L,מוסדי,גרין גלובל,20090276
GLG-6023-42310400-750ML,"מסיר שומנים רב תכליתי חזק במיוחד, תרסיס 750 מ""ל",חמרי ניקוי,חמרי ניקוי,אצווה,750ML,מוסדי,גרין גלובל,20090274
GLG-6023-23010400-25L,"מסיר שומנים רב תכליתי חזק במיוחד, ג'ריקן 25 ליטר",חמרי ניקוי,חמרי ניקוי,אצווה,25L,מוסדי,גרין גלובל,20090271
GLG-6023-20100400-5L,"מסיר שומנים רב תכליתי חזק במיוחד, ג'ריקן 5 ליטר",חמרי ניקוי,חמרי ניקוי,אצווה,5L,מוסדי,גרין גלובל,20090269
GLG-6020-20100002-5L,"נוזל רצפה מרוכז בניחוח אביב, ג'ריקן 5 ליטר",חמרי ניקוי,חמרי ניקוי,אצווה,5L,מוסדי,גרין גלובל,20090267
GLG-6003-23010000-25L,"מסיר שומנים לתעשיית המזון והמשקאות, ג'ריקן 25 ליטר",חמרי ניקוי,חמרי ניקוי,אצווה,25L,תעשייתי,גרין גלובל,20090264
GLG-6003-20100000-5L,"מסיר שומנים לתעשיית המזון והמשקאות, ג'ריקן 5 ליטר",חמרי ניקוי,חמרי ניקוי,אצווה,5L,תעשייתי,גרין גלובל,20090262
GLG-4127-51510107-100ML,"תרסיס ידיים, בקבוקון חום 100 מ""ל",חמרי ניקוי,חמרי ניקוי,אצווה,100ML,מוסדי,גרין גלובל,20090259
GLG-3991-42310001-750ML,"נוזל לניקוי וחיטוי משטחים בניחוח לימון, תרסיס 750 מ""ל",חמרי ניקוי,חמרי ניקוי,אצווה,750ML,תעשייתי,גרין גלובל,20090257
GLG-3991-23010001-25L,"נוזל לניקוי וחיטוי משטחים בניחוח לימון, ג'ריקן 25 ליטר",חמרי ניקוי,חמרי ניקוי,אצווה,25L,תעשייתי,גרין גלובל,20090254
GLG-3991-20100001-5L,"נוזל לניקוי וחיטוי משטחים בניחוח לימון, ג'ריקן 5 ליטר",חמרי ניקוי,חמרי ניקוי,אצווה,5L,תעשייתי,גרין גלובל,20090252
GLG-3990-42310000-750ML,"נוזל לניקוי וחיטוי משטחים ללא ריח וצבע, תרסיס 750 מ""ל",חמרי ניקוי,חמרי ניקוי,אצווה,750ML,תעשייתי,גרין גלובל,20090250
GLG-3990-23010000-25L,"נוזל לניקוי וחיטוי משטחים ללא ריח וצבע, ג'ריקן 25 ליטר",חמרי ניקוי,חמרי ניקוי,אצווה,25L,תעשייתי,גרין גלובל,20090247
GLG-3990-20100000-5L,"נוזל לניקוי וחיטוי משטחים ללא ריח וצבע, ג'ריקן 5 ליטר",חמרי ניקוי,חמרי ניקוי,אצווה,5L,תעשייתי,גרין גלובל,20090245
GLG-3772-41310000-500ML,"נוזל לניקוי פלדת אל-חלד ממשטחים ימיים, תרסיס 500 מ""ל",חמרי ניקוי,חמרי ניקוי,אצווה,500ML,ימי,גרין גלובל,20090243
GLG-3772-23010000-25L,"נוזל לניקוי פלדת אל-חלד ממשטחים ימיים, ג'ריקן 25 ליטר",חמרי ניקוי,חמרי ניקוי,אצווה,25L,ימי,גרין גלובל,20090240
GLG-3772-20100000-5L,"נוזל לניקוי פלדת אל-חלד ממשטחים ימיים, ג'ריקן 5 ליטר",חמרי ניקוי,חמרי ניקוי,אצווה,5L,ימי,גרין גלובל,20090238
GLG-3771-41310000-500ML,"מסיר חלודה לכלי שיט, תרסיס 500 מ""ל",חמרי ניקוי,חמרי ניקוי,אצווה,500ML,ימי,גרין גלובל,20090236
GLG-3771-23010000-25L,"מסיר חלודה לכלי שיט, ג'ריקן 25 ליטר",חמרי ניקוי,חמרי ניקוי,אצווה,25L,ימי,גרין גלובל,20090233
GLG-3771-20100000-5L,"מסיר חלודה לכלי שיט, ג'ריקן 5 ליטר",חמרי ניקוי,חמרי ניקוי,אצווה,5L,ימי,גרין גלובל,20090231
GLG-3713-42310000-750ML,"מסיר חלודה, תרסיס 750 מ""ל",חמרי ניקוי,חמרי ניקוי,אצווה,750ML,מוסדי,גרין גלובל,20090229
GLG-3713-23010000-25L,"מסיר חלודה, ג'ריקן 25 ליטר",חמרי ניקוי,חמרי ניקוי,אצווה,25L,מוסדי,גרין גלובל,20090226
GLG-3713-20100000-5L,"מסיר חלודה, ג'ריקן 5 ליטר",חמרי ניקוי,חמרי ניקוי,אצווה,5L,מוסדי,גרין גלובל,20090224
GLG-3362-23010000-25L,"מסיר אבנית מרוכז, ג'ריקן 25 ליטר",חמרי ניקוי,חמרי ניקוי,אצווה,25L,מוסדי,גרין גלובל,20090221
GLG-3362-20100000-5L,"מסיר אבנית מרוכז, ג'ריקן 5 ליטר",חמרי ניקוי,חמרי ניקוי,אצווה,5L,מוסדי,גרין גלובל,20090219
GLG-3354-41300000-500ML,"תרכיז לניקוי מנועים ממלחים, בקבוק 500 מ""ל",חמרי ניקוי,חמרי ניקוי,אצווה,500ML,ימי,גרין גלובל,20090217
GLG-3354-23010000-25L,"תרכיז לניקוי מנועים ממלחים, ג'ריקן 25 ליטר",חמרי ניקוי,חמרי ניקוי,אצווה,25L,ימי,גרין גלובל,20090214
GLG-3354-20100000-5L,"תרכיז לניקוי מנועים ממלחים, ג'ריקן 5 ליטר",חמרי ניקוי,חמרי ניקוי,אצווה,5L,ימי,גרין גלובל,20090212
GLG-3353-41300000-500ML,"תרכיז לחידוש דק ימי, בקבוק 500 מ""ל",חמרי ניקוי,חמרי ניקוי,אצווה,500ML,ימי,גרין גלובל,20090210
GLG-3353-23010000-25L,"תרכיז לחידוש דק ימי, ג'ריקן 25 ליטר",חמרי ניקוי,חמרי ניקוי,אצווה,25L,ימי,גרין גלובל,20090207
GLG-3353-20100000-5L,"תרכיז לחידוש דק ימי, ג'ריקן 5 ליטר",חמרי ניקוי,חמרי ניקוי,אצווה,5L,ימי,גרין גלובל,20090205
GLG-3352-23010000-25L,"תרכיז לחידוש גופי כלי שיט, ג'ריקן 25 ליטר",חמרי ניקוי,חמרי ניקוי,אצווה,25L,ימי,גרין גלובל,20090202
GLG-3352-20100000-5L,"תרכיז לחידוש גופי כלי שיט, ג'ריקן 5 ליטר",חמרי ניקוי,חמרי ניקוי,אצווה,5L,ימי,גרין גלובל,20090200
GLG-3351-23010001-25L,"מסיר אבנית ממקלחונים ומשטחי זכוכית בניחוח לימון, ג'ריקן 25 ליטר",חמרי ניקוי,חמרי ניקוי,אצווה,25L,בייתי,גרין גלובל,20090197
GLG-3351-20100001-5L,"מסיר אבנית ממקלחונים ומשטחי זכוכית בניחוח לימון, ג'ריקן 5 ליטר",חמרי ניקוי,חמרי ניקוי,אצווה,5L,בייתי,גרין גלובל,20090195
GLG-3342-41310001-500ML,"תרסיס להסרת ירוקת מכלי שיט בניחוח לימון, תרסיס 500 מ""ל",חמרי ניקוי,חמרי ניקוי,אצווה,500ML,ימי,גרין גלובל,20090193
GLG-3342-23010001-25L,"תרסיס להסרת ירוקת מכלי שיט בניחוח לימון, ג'ריקן 25 ליטר",חמרי ניקוי,חמרי ניקוי,אצווה,25L,ימי,גרין גלובל,20090190
GLG-3342-20100001-5L,"תרסיס להסרת ירוקת מכלי שיט בניחוח לימון, ג'ריקן 5 ליטר",חמרי ניקוי,חמרי ניקוי,אצווה,5L,ימי,גרין גלובל,20090188
GLG-3341-23010001-25L,"תרכיז להסרת ירוקת מכלי שיט בניחוח לימון, ג'ריקן 25 ליטר",חמרי ניקוי,חמרי ניקוי,אצווה,25L,ימי,גרין גלובל,20090185
GLG-3341-20100001-5L,"תרכיז להסרת ירוקת מכלי שיט בניחוח לימון, ג'ריקן 5 ליטר",חמרי ניקוי,חמרי ניקוי,אצווה,5L,ימי,גרין גלובל,20090183
GLG-3318-50500000-250ML,"מסיר אבנית למכונות קפה, בקבוק 250 מ""ל",חמרי ניקוי,חמרי ניקוי,אצווה,250ML,מוסדי,גרין גלובל,20090180
GLG-3318-41300000-500ML,"מסיר אבנית למכונות קפה, בקבוק 500 מ""ל",חמרי ניקוי,חמרי ניקוי,אצווה,500ML,מוסדי,גרין גלובל,20090178
GLG-3318-23010000-25L,"מסיר אבנית למכונות קפה, ג'ריקן 25 ליטר",חמרי ניקוי,חמרי ניקוי,אצווה,25L,מוסדי,גרין גלובל,20090175
GLG-3318-20100000-5L,"מסיר אבנית למכונות קפה, ג'ריקן 5 ליטר",חמרי ניקוי,חמרי ניקוי,אצווה,5L,מוסדי,גרין גלובל,20090173
GLG-3316-42310001-750ML,"נוזל ניקוי רב תכליתי לחדרי אמבטיה ושירותים - חזק במיוחד בניחוח לימון, תרסיס 750 מ""ל",חמרי ניקוי,חמרי ניקוי,אצווה,750ML,מוסדי,גרין גלובל,20090171
GLG-3316-23010001-25L,"נוזל ניקוי רב תכליתי לחדרי אמבטיה ושירותים - חזק במיוחד בניחוח לימון, ג'ריקן 25 ליטר",חמרי ניקוי,חמרי ניקוי,אצווה,25L,מוסדי,גרין גלובל,20090168
GLG-3316-20100001-5L,"נוזל ניקוי רב תכליתי לחדרי אמבטיה ושירותים - חזק במיוחד בניחוח לימון, ג'ריקן 5 ליטר",חמרי ניקוי,חמרי ניקוי,אצווה,5L,מוסדי,גרין גלובל,20090166
GLG-3315-42310001-750ML,"מסיר אבנית ממקלחונים ומשטחי זכוכית בניחוח לימון, תרסיס 750 מ""ל",חמרי ניקוי,חמרי ניקוי,אצווה,750ML,מוסדי,גרין גלובל,20090164
GLG-3315-23010001-25L,"מסיר אבנית ממקלחונים ומשטחי זכוכית בניחוח לימון, ג'ריקן 25 ליטר",חמרי ניקוי,חמרי ניקוי,אצווה,25L,מוסדי,גרין גלובל,20090161
GLG-3315-20100001-5L,"מסיר אבנית ממקלחונים ומשטחי זכוכית בניחוח לימון, ג'ריקן 5 ליטר",חמרי ניקוי,חמרי ניקוי,אצווה,5L,מוסדי,גרין גלובל,20090159
GLG-3314-23010000-25L,"מסיר אבנית למכונות קפה, ג'ריקן 25 ליטר",חמרי ניקוי,חמרי ניקוי,אצווה,25L,בייתי,גרין גלובל,20090156
GLG-3314-20100000-5L,"מסיר אבנית למכונות קפה, ג'ריקן 5 ליטר",חמרי ניקוי,חמרי ניקוי,אצווה,5L,בייתי,גרין גלובל,20090154
GLG-3302-23010000-25L,"מסיר אבנית, ג'ריקן 25 ליטר",חמרי ניקוי,חמרי ניקוי,אצווה,25L,בייתי,גרין גלובל,20090151
GLG-3302-20100000-5L,"מסיר אבנית, ג'ריקן 5 ליטר",חמרי ניקוי,חמרי ניקוי,אצווה,5L,בייתי,גרין גלובל,20090149
GLG-2102-23010006-25L,"מרכך כביסה מבושם, ג'ריקן 25 ליטר",חמרי ניקוי,חמרי ניקוי,אצווה,25L,בייתי,גרין גלובל,20090147
GLG-2102-20100006-5L,"מרכך כביסה מבושם, ג'ריקן 5 ליטר",חמרי ניקוי,חמרי ניקוי,אצווה,5L,בייתי,גרין גלובל,20090145
GLG-2101-20100006-5L,"מרכך כביסה מבושם, ג'ריקן 5 ליטר",חמרי ניקוי,חמרי ניקוי,אצווה,5L,מוסדי,גרין גלובל,20090143
GLG-R-DEXTRIN-II-500G,דקסטרין Type II אבקה 500 גרם,חמרי ניקוי,חמרי ניקוי,אצווה,500G,,גרין גלובל,20004801
GLG-R-F127-250G,'פלורוניק F-127 אבקה 250 גרם,חמרי ניקוי,חמרי ניקוי,אצווה,250G,,גרין גלובל,20004755
GLG-R-PECTIN-1KG,"פקטין 1 ק""ג",חמרי ניקוי,חמרי ניקוי,אצווה,1KG,,גרין גלובל,20004699
GLG-R-ALGINIC-ACID-500G,חומצה אלגינית 500 גרם,חמרי ניקוי,חמרי ניקוי,אצווה,500G,,גרין גלובל,20004640
GLG-L-VORTEX-GE,וורטקס שני ראשי טלטול למבחנות ולכוסות,מעבדה,חמרי ניקוי,רגיל,יחידה,,גרין גלובל,19802717
GLG-L-FLASK-FB-2L,"אביק ת.שטוחה, 2000 מ""ל, CH, B-24",מעבדה,חמרי ניקוי,רגיל,יחידה,,גרין גלובל,19799644
GLG-L-FLASK-FB-1L,"אביק ת.שטוחה, 1000 מ""מ, CH, B-24",מעבדה,חמרי ניקוי,רגיל,יחידה,,גרין גלובל,19799605
GLG-L-STIRRER-0606760,"מוט בחישה PP, אורך 350מ""מ, קוטר ציר 8 מ""מ, להב נפתח 57מ""מ",מעבדה,חמרי ניקוי,רגיל,יחידה,,גרין גלובל,19799576
GLG-L-STIRRER-HEAD-8MM,"בית בוחש מטפלון לטש B24 / קדח 8 מ""מ גרמני",מעבדה,חמרי ניקוי,רגיל,יחידה,,גרין גלובל,19799552
GLG-L-APLICATOR-COTTON-STERILE-15MM,"אפליקטור עם צד אחד צמר גפן, אורך 150 מ""מ / סטרילי, 100 יח' ב109, ארוז בודד",מעבדה,חמרי ניקוי,רגיל,קופסא,,גרין גלובל,19767938
GLG-L-TRAY-PVC-20X30X400MM,"מגש 20X300X400 PVC מ""ל",מעבדה,חמרי ניקוי,רגיל,יחידה,,גרין גלובל,19691009
GLG-P-B01,"קרטון חומ""ס 360*290*330",שונות-רוטל,חמרי ניקוי,רגיל,יחידה,,גרין גלובל,19530736
GLG-P-L31,"טריגר שטוח, נטורל, קוטר ""28, ללא ויסות זרימה מתאים לבקבוק טליה",חמרי ניקוי,חמרי ניקוי,רגיל,יחידה,,גרין גלובל,19413947
GLG-6852-23010007-25L,"מנקה ומנטרל ריחות שתן בעלי חיים בניחוח לבנדר, ג'ריקן 25 ליטר",חמרי ניקוי,חמרי ניקוי,אצווה,25L,בייתי,גרין גלובל,19339213
GLG-6852-20100007-5L,"מנקה ומנטרל ריחות שתן בעלי חיים בניחוח לבנדר, ג'ריקן 5 ליטר",חמרי ניקוי,חמרי ניקוי,אצווה,5L,בייתי,גרין גלובל,19339166
GLG-6852-42310007-750ML,"מנקה ומנטרל ריחות שתן בעלי חיים בניחוח לבנדר, תרסיס 750 מ""ל",חמרי ניקוי,חמרי ניקוי,אצווה,750ML,בייתי,גרין גלובל,19339153
GLG-6852-40320007-400ML,"מנקה ומנטרל ריחות שתן בעלי חיים בניחוח לבנדר, תרסיס 400 מ""ל",חמרי ניקוי,חמרי ניקוי,אצווה,400ML,בייתי,גרין גלובל,19339126
GLG-R-S07-1KG,שמן אתרי לבנדר,חמרי ניקוי,חמרי ניקוי,רגיל,1KG,,גרין גלובל,19122752
GLG-P-STICKER-DG-LQ,"מדבקה חומ""ס - 10*10מ""מ -LQ, מדבקות בגליל-1000 יח'",חמרי ניקוי,חמרי ניקוי,רגיל,גליל,,גרין גלובל,19108145
GLG-P-RT-STICKER-LQ-10*10,"מדבקה חומ""ס - 10*10מ""מ - LQ",חמרי ניקוי,חמרי ניקוי,רגיל,יחידה,,גרין גלובל,19065857
GLG-L-SPRAY-BOTTLE-250ML,"בקבוק שטיפה 250 מ""ל",מעבדה,חמרי ניקוי,רגיל,יחידה,,גרין גלובל,19051935
GLG-L-SPRAY-BOTTLE-ETHANOL-500ML,"בקבוק שטיפה אתנול 500 מ""ל",מעבדה,חמרי ניקוי,רגיל,יחידה,,גרין גלובל,19051891
GLG-L-SPRAY-BOTTLE-WATER-500ML,"בקבוק שטיפה מים 500 מ""ל",מעבדה,חמרי ניקוי,רגיל,יחידה,,גרין גלובל,19051822
GLG-L-SPRAY-BOTTLE-IPA-500ML,"בקבוק שטיפה IPA 500 מ""ל",מעבדה,חמרי ניקוי,רגיל,יחידה,,גרין גלובל,19051644
GLG-L-CYLINDER-C24-100ML,"משורה 100 מ""ל, לטש 24",חמרי ניקוי,חמרי ניקוי,רגיל,יחידה,,גרין גלובל,19051550
GLG-L-CYLINDER-C24-250ML,"משורה 250 מ""ל, לטש 24",חמרי ניקוי,חמרי ניקוי,רגיל,יחידה,,גרין גלובל,19051468
GLG-R-SODIUM-PERCARBONATE-1KG,"סודיום פרקרבונט מיכל 1 ק""ג",חמרי ניקוי,חמרי ניקוי,אצווה,1KG,,גרין גלובל,19051347
GLG-R-LACTIC-ACID-L-80%-1KG,"1 ק""ג 80%, חומצה לקטית L",חמרי ניקוי,חמרי ניקוי,אצווה,1KG,,גרין גלובל,19051196
GLG-6819-20100002-5L,"נוזל ניקוי רב תכליתי בניחוח אביב, ג'ריקן 5 ליטר",חמרי ניקוי,חמרי ניקוי,אצווה,5L,בייתי,גרין גלובל,18755181
GLG-R-CC-PHA-75%-22KG,"22 ק""ג חומצה פוספורית 75% במיכל תקני של 35 ק""ג",חמרי ניקוי,חמרי ניקוי,אצווה,22KG,,תעשיות,18743176
GLG-R-CC-PHA-75%-20KG,"20 ק""ג חומצה פוספורית 75% במיכל תקני של 35 ק""ג",חמרי ניקוי,חמרי ניקוי,אצווה,20KG,,תעשיות,18743104
GLG-N-6043-99000000-KIT,"ערכה להכנת 100 ק""ג נוזל לניקוי פירות וירקות",חמרי ניקוי,חמרי ניקוי,רגיל,KIT,מוסדי,גרין גלובל,18713994
GLG-N-3999-99000101-KIT,"ערכה להכנת 100 ק""ג נוזל לניקוי וחיטוי משטחים",חמרי ניקוי,חמרי ניקוי,רגיל,KIT,מוסדי,גרין גלובל,18520390
GLG-3999-42310101-750ML,"נוזל לניקוי וחיטוי משטחים בניחוח לימון, תרסיס 750 מ""ל",חמרי ניקוי,חמרי ניקוי,אצווה,750ML,מוסדי,גרין גלובל,18414004
GLG-7139-42340201-750ML,"נוזל כלים בניחוח לימון, בקבוק לחיץ 750 מ""ל",חמרי ניקוי,חמרי ניקוי,אצווה,750ML,בייתי,גרין גלובל,18413873
GLG-7721-41300000-500ML,"נוזל לניקוי משטחים רב-תכליתי, תרסיס 500 מ""ל",חמרי ניקוי,חמרי ניקוי,אצווה,500ML,בייתי,גרין גלובל,18412160
GLG-7450-42310105-750ML,"נוזל לניקוי והברקת משטחים בניחוח מרענן, תרסיס 750 מ""ל",חמרי ניקוי,חמרי ניקוי,אצווה,750ML,בייתי,גרין גלובל,18412156
GLG-6815-42300305-750ML,"נוזל כביסה בניחוח מרענן, בקבוק 750 מ""ל",חמרי ניקוי,חמרי ניקוי,אצווה,750ML,בייתי,גרין גלובל,18412138
GLG-6329-41310003-500ML,"נוזל לניקוי והסרת כתמים ממוצרי עור מבושם, תרסיס 500 מ""ל",חמרי ניקוי,חמרי ניקוי,אצווה,500ML,בייתי,גרין גלובל,18412130
GLG-6328-41310005-500ML,"נוזל לניקוי והסרת כתמים מבדים סינטטיים בניחוח מרענן, תרסיס 500 מ""ל",חמרי ניקוי,חמרי ניקוי,אצווה,500ML,בייתי,גרין גלובל,18412126
GLG-6326-41310004-500ML,"נוזל לניקוי והסרת כתמים מספות בניחוח עדין, תרסיס 500 מ""ל",חמרי ניקוי,חמרי ניקוי,אצווה,500ML,בייתי,גרין גלובל,18412122
GLG-6325-41310002-500ML,"נוזל לניקוי והסרת כתמים מבגדים בניחוח אביב, תרסיס 500 מ""ל",חמרי ניקוי,חמרי ניקוי,אצווה,500ML,בייתי,גרין גלובל,18412118
GLG-6044-41310000-500ML,"נוזל לניקוי פירות וירקות, בקבוק 500 מ""ל",חמרי ניקוי,חמרי ניקוי,אצווה,500ML,בייתי,גרין גלובל,18412104
GLG-3314-41300000-500ML,"מסיר אבנית למכונות קפה, בקבוק 500 מ""ל",חמרי ניקוי,חמרי ניקוי,אצווה,500ML,בייתי,גרין גלובל,18412094
GLG-3302-41300000-500ML,"מסיר אבנית, בקבוק 500 מ""ל",חמרי ניקוי,חמרי ניקוי,אצווה,500ML,בייתי,גרין גלובל,18412084
GLG-2102-42300006-750ML,"מרכך כביסה מבושם, בקבוק 750 מ""ל",חמרי ניקוי,חמרי ניקוי,אצווה,750ML,בייתי,גרין גלובל,18412080
GLG-P-C01,"קוביה חדשה IBC, 1000 ליטר, טבעי, על משטח מתכת כולל כלוב וברז",שונות-רוטל,חמרי ניקוי,רגיל,יחידה,,גרין גלובל,18394562
GLG-3999-40310101-400ML,"נוזל לניקוי וחיטוי משטחים בניחוח לימון, תרסיס 400 מ""ל",חמרי ניקוי,חמרי ניקוי,אצווה,400ML,מוסדי,גרין גלובל,18247946
GLG-3999-23010101-25L,"נוזל לניקוי וחיטוי משטחים בניחוח לימון, ג'ריקן 25 ליטר",חמרי ניקוי,חמרי ניקוי,אצווה,25L,מוסדי,גרין גלובל,18196643
GLG-3999-10000101-200L,"נוזל לניקוי וחיטוי משטחים בניחוח לימון, חבית 200 ליטר",חמרי ניקוי,חמרי ניקוי,אצווה,200L,מוסדי,גרין גלובל,18196336
GLG-3999-20100101-5L,"נוזל לניקוי וחיטוי משטחים בניחוח לימון, ג'ריקן 5 ליטר",חמרי ניקוי,חמרי ניקוי,אצווה,5L,מוסדי,גרין גלובל,18196279
GLG-3999-41310101-500ML,"נוזל לניקוי וחיטוי משטחים בניחוח לימון, תרסיס 500 מ""ל",חמרי ניקוי,חמרי ניקוי,אצווה,500ML,מוסדי,גרין גלובל,18177413
GLG-R-CN-ALGOHOL-70%-18L,כהל 70% אתילי מפוגל-18 ליטר לשימוש חיצוני בלבד',חמרי ניקוי,חמרי ניקוי,רגיל,18L,,תעשיות,18104329
GLG-3999-01000101-1000L,"נוזל לניקוי וחיטוי משטחים בניחוח לימון, קובייה 1000 ליטר",חמרי ניקוי,חמרי ניקוי,אצווה,1000L,מוסדי,גרין גלובל,18101052
GLG-R-CC-PHA-75%-35KG,"חומצה פוספורית - 75% - 25 ק""ג",חמרי ניקוי,חמרי ניקוי,אצווה,35KG,,תעשיות,18093622
GLG-2101-23010006-25L,"מרכך כביסה מבושם, ג'ריקן 25 ליטר",חמרי ניקוי,חמרי ניקוי,אצווה,25L,מוסדי,גרין גלובל,17882569
GLG-6051-23010402-25L,"מסיר שומנים חזק למטבח בניחוח אביב, ג'ריקן 25 ליטר",חמרי ניקוי,חמרי ניקוי,אצווה,25L,בייתי,גרין גלובל,17881761
GLG-6713-23010002-25L,"תרכיז לניקוי רצפה בניחוח אביב, ג'ריקן 25 ליטר",חמרי ניקוי,חמרי ניקוי,אצווה,25L,בייתי,גרין גלובל,17881744
GLG-6020-10000002-200L,"נוזל רצפה מרוכז בניחוח אביב, חבית 200 ליטר",חמרי ניקוי,חמרי ניקוי,אצווה,200L,מוסדי,גרין גלובל,17764028
GLG-P-L34,"פקק נטורל, פוש פול, לנוזל כלים, קוטר ""28",חמרי ניקוי,חמרי ניקוי,רגיל,יחידה,,גרין גלובל,17723348
GLG-6813-23010305-25L,"נוזל כביסה מרוכז בניחוח מרענן, ג'ריקן 25 ליטר",חמרי ניקוי,חמרי ניקוי,אצווה,25L,מוסדי,גרין גלובל,17383389
GLG-7450-23010105-25L,"נוזל לניקוי והברקת משטחים בניחוח מרענן, ג'ריקן 25 ליטר",חמרי ניקוי,חמרי ניקוי,אצווה,25L,בייתי,גרין גלובל,17383245
GLG-7450-20100105-5L,"נוזל לניקוי והברקת משטחים בניחוח מרענן, ג'ריקן 5 ליטר",חמרי ניקוי,חמרי ניקוי,אצווה,5L,בייתי,גרין גלובל,17383007
GLG-6813-20100305-5L,"נוזל כביסה מרוכז בניחוח מרענן, ג'ריקן 5 ליטר",חמרי ניקוי,חמרי ניקוי,אצווה,5L,מוסדי,גרין גלובל,17382703
GLG-P-L30,"פקק נטורל לבקבוקי טליה קוטר ""28",חמרי ניקוי,חמרי ניקוי,רגיל,יחידה,,גרין גלובל,16817453
GLG-R-GD-BG-190KG,בוטיל גליקול - חבית,חמרי ניקוי,חמרי ניקוי,רגיל,190KG,,תעשיות,16766319
GLG-P-C42,"בקבוק דגם טליה, 750 מ""ל, לבן אטום, PE, 80% Pcr",שונות-רוטל,חמרי ניקוי,רגיל,יחידה,,גרין גלובל,16603231
GLG-P-C41,"בקבוק דגם טליה, 500 מ""ל, לבן אטום, PE, 80% Pcr",שונות-רוטל,חמרי ניקוי,רגיל,יחידה,,גרין גלובל,16603097
GLG-P-C40,"בקבוק דגם טליה, 400 מ""ל, לבן אטום, PE, 80% Pcr",שונות-רוטל,חמרי ניקוי,רגיל,יחידה,,גרין גלובל,16602961
GLG-3314-50500000-250ML,"מסיר אבנית למכונות קפה, בקבוק 250 מ""ל",חמרי ניקוי,חמרי ניקוי,אצווה,250ML,בייתי,גרין גלובל,16347267
GLG-7722-42310000-750ML,"נוזל לניקוי ריהוט גן, תרסיס 750 מ""ל",חמרי ניקוי,חמרי ניקוי,אצווה,750ML,בייתי,גרין גלובל,16346614
GLG-6052-42310403-750ML,"מנקה גריל ותנורים מבושם, תרסיס 750 מ""ל",חמרי ניקוי,חמרי ניקוי,אצווה,750ML,בייתי,גרין גלובל,16346489
GLG-3351-42310001-750ML,"מסיר אבנית ממקלחונים ומשטחי זכוכית בניחוח לימון, תרסיס 750 מ""ל",חמרי ניקוי,חמרי ניקוי,אצווה,750ML,בייתי,גרין גלובל,16345875
GLG-P-C10,חבית פלסטיק 200 ליטר סגורה + 2 פקקים בעילית,,כללי -רוטל,רגיל,יחידה,,תעשיות,16260614
GLG-6051-42310402-750ML,"מסיר שומנים חזק למטבח בניחוח אביב, תרסיס 750 מ""ל",חמרי ניקוי,חמרי ניקוי,אצווה,750ML,בייתי,גרין גלובל,16196678
GLG-8111-23010500-25L,"מנקה מנועים וחדרי מכונה, ג'ריקן 25 ליטר",חמרי ניקוי,חמרי ניקוי,אצווה,25L,תעשייתי,גרין גלובל,15878162
GLG-R-CN-TSPP-1K,"טטרה סודיום פירו פוספט 1 ק""ג",חמרי ניקוי,חמרי ניקוי,אצווה,1KG,,גרין גלובל,15791297
GLG-P-CN-IBC-MCAGE-1000L,"קוביה 1000 ליטר חדשה+ברז+כלוב מתכת+משטח פלסטיק+מכסה עם ""נשם תקני""",חמרי ניקוי,חמרי ניקוי,רגיל,יחידה,,גרין גלובל,15790681
GLG-R-GD-TEA-99%-225KG,"טריאתנול אמין 99% - חבית 225 ק""ג",חמרי ניקוי,חמרי ניקוי,אצווה,225KG,,תעשיות,15593687
GLG-N-2101-99000006-KIT,"ערכה להכנת 100 ק""ג מרכך כביסה מבושם",חמרי ניקוי,חמרי ניקוי,רגיל,KIT,מוסדי,גרין גלובל,15549046
GLG-N-6814-99000000-KIT,"ערכה להכנת 100 ק""ג מסיר שומנים לחלקי אלומיניום",חמרי ניקוי,חמרי ניקוי,רגיל,KIT,תעשייתי,גרין גלובל,15548910
GLG-N-6813-99000305-KIT,"ערכה להכנת 100 ק""ג נוזל כביסה מרוכז בניחוח מרענן",חמרי ניקוי,חמרי ניקוי,רגיל,KIT,מוסדי,גרין גלובל,15548829
GLG-N-6002-99000000-KIT,"ערכה להכנת 100 ק""ג מסיר שומנים לציוד חקלאי",חמרי ניקוי,חמרי ניקוי,רגיל,KIT,תעשייתי,גרין גלובל,15548694
GLG-N-6010-99000000-KIT,"ערכה להכנת 100 ק""ג נוזל מרוכז לשטיפת רצפת חדרי מכונה",חמרי ניקוי,חמרי ניקוי,רגיל,KIT,תעשייתי,גרין גלובל,15548453
GLG-N-6020-99000002-KIT,"ערכה להכנת 100 ק""ג נוזל רצפה מרוכז בניחוח אביב",חמרי ניקוי,חמרי ניקוי,רגיל,KIT,מוסדי,גרין גלובל,15548224
GLG-N-3317-99000000-KIT,"ערכה להכנת 100 ק""ג מסיר אבנית ממחליפי חום",חמרי ניקוי,חמרי ניקוי,רגיל,KIT,תעשייתי,גרין גלובל,15532342
GLG-L-ROUND-CONTAINER-PE-1KG,"מיכל עגול פוליאתילן - 1 ק""ג",מעבדה,חמרי ניקוי,רגיל,יחידה,,גרין גלובל,15400103
GLG-L-BEAKER-PP-250ML,'כוס כימית פוליפרופילן - 250 מל,מעבדה,חמרי ניקוי,רגיל,יחידה,,גרין גלובל,15400050
GLG-P-L02,פקק כובע+ברז לג'ריקן 25 ליטר,חמרי ניקוי,חמרי ניקוי,רגיל,יחידה,,תעשיות,15364846
GLG-R-PV-GLYCERIN-KOSHER-20KG,גליצרין כשר לפסח,חמרי ניקוי,חמרי ניקוי,אצווה,20KG,,גרין גלובל,15358842
GLG-R-SY-B226ENV-180KG,ברול 226 ENV - חבית,חמרי ניקוי,חמרי ניקוי,אצווה,180KG,,גרין גלובל,15105403
GLG-L-CONTAINER-PP-30L,מיכל פלסטיק פוליאתילן 30 מרובע+פקק,מעבדה,חמרי ניקוי,רגיל,יחידה,,גרין גלובל,14877560
GLG-P-C11,חבית פח 216 ליטר סגורה + 2 פקקים בעילית,שונות-רוטל,כללי -רוטל,רגיל,יחידה,,תעשיות,14848263
GLG-P-L01,פקק שחור 61 המתאים לג'ריקן 25 ליטר ולג'ריקן 10 ליטר,שונות-רוטל,חמרי ניקוי,רגיל,יחידה,,גרין גלובל,14694565
GLG-N-6818-99000000-KIT,"ערכה להכנת 100 ק""ג נוזל ניקוי רב תכליתי",חמרי ניקוי,חמרי ניקוי,רגיל,KIT,בייתי,גרין גלובל,14658581
GLG-N-6327-99000000-KIT,"ערכה להכנת 100 ק""ג נוזל לניקוי והסרת כתמים מבדים",חמרי ניקוי,חמרי ניקוי,רגיל,KIT,תעשייתי,גרין גלובל,14658374
GLG-P-STICKER-GD-8,"מדבקה חומ""ס - קורוזיבי 10*10 מ""מ",חמרי ניקוי,חמרי ניקוי,רגיל,יחידה,,גרין גלובל,14574701
GLG-P-STICKER-UN3264,"מדבקה חומ""ס מספר UN ושם שילוח - 3264",חמרי ניקוי,חמרי ניקוי,רגיל,יחידה,,גרין גלובל,14574559
GLG-L-CONDENSER-330-24,"מקרר כדורי 330 מ""ל, לטש 24",מעבדה,חמרי ניקוי,רגיל,יחידה,,גרין גלובל,14536129
GLG-L-ADAPTER-Y-24/24,מעבר Y לטש 24/24,מעבדה,חמרי ניקוי,רגיל,יחידה,,גרין גלובל,14507101
GLG-L-SCALE-600/0.01,"מאזניים מעבדתיים 600 ג', דיוק 0.01 ג'",מעבדה,חמרי ניקוי,רגיל,יחידה,,גרין גלובל,14506956
GLG-L-MAGNET-OVAL-25X12,מגנט טפלון ביצה 25*12,מעבדה,חמרי ניקוי,רגיל,יחידה,,גרין גלובל,14505763
GLG-L-WICK-UNIT,פתיל לכהליה - Ea,מעבדה,חמרי ניקוי,רגיל,יחידה,,גרין גלובל,14505712
GLG-L-VACUUM-ADAPTER-C24,שופר ואקום שני לטשים 24,מעבדה,חמרי ניקוי,רגיל,יחידה,,גרין גלובל,14505603
GLG-L-PLUG-GLASS-C29,פקק זכוכית לטש 29,מעבדה,חמרי ניקוי,רגיל,יחידה,,גרין גלובל,14505570
GLG-L-FLASK-THREE-NECK-250ML,"קולבה תלת צווארית 250 מ""ל",מעבדה,חמרי ניקוי,רגיל,יחידה,,גרין גלובל,14505556
GLG-L-PLUG-GLASS-C24,פקק זכוכית לטש 24,מעבדה,חמרי ניקוי,רגיל,יחידה,,גרין גלובל,14505535
GLG-L-THERMOMETER-ADAPTER-C24,מעבר למד חום לטש 24+פקק הברגה,מעבדה,חמרי ניקוי,רגיל,יחידה,,גרין גלובל,14505503
GLG-L-THERMOMETER-M10-150,מד חום כהל מינוס 10 עד 150,מעבדה,חמרי ניקוי,רגיל,יחידה,,גרין גלובל,14505432
GLG-7138-20100201-5L,"נוזל כלים בניחוח לימון, ג'ריקן 5 ליטר",חמרי ניקוי,חמרי ניקוי,אצווה,5L,מוסדי,גרין גלובל,14492464
GLG-7138-23010201-25L,"נוזל כלים בניחוח לימון, ג'ריקן 25 ליטר",חמרי ניקוי,חמרי ניקוי,אצווה,25L,מוסדי,גרין גלובל,14492190
GLG-R-MY-YELLOW-K7164-500G,צבען צהוב K7164-J,חמרי ניקוי,חמרי ניקוי,אצווה,500G,,גרין גלובל,14430922
GLG-R-GD-ETHANOL-210L,אתנול 99%-96% -210 ליטר,חמרי ניקוי,חמרי ניקוי,אצווה,210L,,תעשיות,14399153
GLG-P-C22,מיכל פלסטיק,חמרי ניקוי,חמרי ניקוי,רגיל,יחידה,,גרין גלובל,14209469
GLG-R-CN-PHA-85%-20KG,"חומצה זרחתית 85%- 20 ק""ג במיכל כחול תקני",חמרי ניקוי,חמרי ניקוי,אצווה,20KG,,תעשיות,14209309
GLG-R-CN-PHA-85%-25.5KG,"חומצה זרחתית 85%- 25.5 ק""ג במיכל כחול תקני",חמרי ניקוי,חמרי ניקוי,אצווה,25.5KG,,תעשיות,14209272
GLG-6045-20100000-5L,"נוזל לניקוי פירות וירקות, ג'ריקן 5 ליטר",חמרי ניקוי,חמרי ניקוי,אצווה,5L,תעשייתי,גרין גלובל,14186996
GLG-L-PLATE-STEEL316,"פלטת נירוסטה 316, 10X10 ס""מ",,חמרי ניקוי,רגיל,יחידה,,גרין גלובל,13929973
GLG-R-F-1KG,די לימונן (חבית,חמרי ניקוי,חמרי ניקוי,אצווה,1KG,,תעשיות,13922186
GLG-R-GD-BG-1000L,בוטיל גליקול - קוביה,חמרי ניקוי,חמרי ניקוי,אצווה,1000L,,תעשיות,13824443
GLG-L-SCOOP-PP-1000ML,"כף שקילה פלסטיק 1000מ""ל",מעבדה,חמרי ניקוי,רגיל,יחידה,,גרין גלובל,13788308
GLG-L-GLOVES-NITRILE-S,כפפות ניטריל - S,מעבדה,חמרי ניקוי,רגיל,קופסא,,גרין גלובל,13788217
GLG-L-WEIGHING-DISH-80X80,"סירת שקילה 80*80 מ""מ",מעבדה,חמרי ניקוי,רגיל,קופסא,,גרין גלובל,13770488
GLG-L-WEIGHING-DISH-44X44,"סירת שקילה 44*44 מ""מ",מעבדה,חמרי ניקוי,רגיל,קופסא,,גרין גלובל,13768979
GLG-R-CN-ETHANOL-96%-18L,אתנול 96% - 18 ליטר,מעבדה,חמרי ניקוי,אצווה,18L,,תעשיות,12852110
GLG-R-MY-RED-07004-1KG,צבען אדום 07004,חמרי ניקוי,חמרי ניקוי,אצווה,1KG,,גרין גלובל,12852104
GLG-R-MY-GREEN-W7035-1KG,צבען ירוק W7035,חמרי ניקוי,חמרי ניקוי,אצווה,1KG,,גרין גלובל,12852102
GLG-R-MY-BLUE-05601-1KG,צבען כחול 05601,חמרי ניקוי,חמרי ניקוי,אצווה,1KG,,גרין גלובל,12852100
GLG-L-VIAL-21ML,"וייל פקק לחיץ 21 מ""מ, מגש 162 יחידות",MRC,חמרי ניקוי,רגיל,קופסא,,גרין גלובל,12852098
GLG-L-VIAL-10.5ML,"וייל פקק לחיץ 10.5 מ""ל",MRC,חמרי ניקוי,רגיל,קופסא,,גרין גלובל,12852096
GLG-L-STIRRER-SHAFT-50CM,"מוט בחישה 50 ס""מ",MRC,חמרי ניקוי,רגיל,יחידה,,גרין גלובל,12852094
GLG-L-STIRRER-HEAD-NO.24,פרופלור בחישה מרובע חלול -מתכת,MRC,חמרי ניקוי,רגיל,יחידה,,גרין גלובל,12852092
GLG-L-STIRRER-HEAD-NO.20,פרופלור בחישה מרובע מחורר-מתכת,MRC,חמרי ניקוי,רגיל,יחידה,,גרין גלובל,12852090
GLG-L-MA-BEAKER-250ML,"כוס זכוכית 250 מ""ל",מעבדה,חמרי ניקוי,רגיל,יחידה,,גרין גלובל,12852082
GLG-L-MA-AUTOPIPETTE-10ML,"פיפטה אוטומטית 10 מ""ל",מעבדה,חמרי ניקוי,רגיל,יחידה,,גרין גלובל,12852080
GLG-L-AUTOPIPETTE-0.1-1ML,"פיפטה אוטומטית 1 מ""ל",מעבדה,חמרי ניקוי,רגיל,יחידה,,גרין גלובל,12852078
GLG-L-MA-AUTOPUPETTE-5ML,"פיפטה אוטומטית 5 מ""ל",מעבדה,חמרי ניקוי,רגיל,יחידה,,גרין גלובל,12852076
GLG-L-SILICA-GEL-1KG,"ג'סיליקה ג'ל כחול 2 מ""מ - 1 ק""",מעבדה,חמרי ניקוי,רגיל,1KG,,גרין גלובל,12852074
GLG-L-DESICATOR-GLASS-300,דסיקטור זכוכית - 300,מעבדה,חמרי ניקוי,רגיל,יחידה,,גרין גלובל,12852072
GLG-L-CRYS-DISH-3.5L,קערת גיבוש 3.5 ליטר,מעבדה,חמרי ניקוי,רגיל,יחידה,,גרין גלובל,12852070
GLG-L-TIP-1-100ML-100,"טיפ לפיפטה 1-10 מ""ל-100 יח'",מעבדה,חמרי ניקוי,רגיל,שקית,,גרין גלובל,12852044
GLG-L-SYRINGE-20ML,"מזרק 20 מ""ל",מעבדה,חמרי ניקוי,רגיל,יחידה,,גרין גלובל,12852042
GLG-L-SYRINGE-10ML,"מזרק 10 מ""ל",מעבדה,חמרי ניקוי,רגיל,יחידה,,גרין גלובל,12852040
GLG-R-PROPYLENE-GLYCOL-1L,פרופילן גליקול 1 ליטר,חמרי ניקוי,חמרי ניקוי,אצווה,1L,,גרין גלובל,12852038
GLG-L-SCOOP-PP-50ML,"כף שקילה 50 מ""ל",מעבדה,חמרי ניקוי,רגיל,יחידה,,גרין גלובל,12852036
GLG-L-SCOOP-PP-25ML,"כף שקילה 25 מ""ל",מעבדה,חמרי ניקוי,רגיל,יחידה,,גרין גלובל,12852034
GLG-L-POWDER-FUNNEL-S,"משפך אבקות קטן - 65 מ""מ",מעבדה,חמרי ניקוי,רגיל,יחידה,,גרין גלובל,12852032
GLG-L-POWDER-FUNNEL-M,"משפך אבקות בינוני - 80 מ""מ",מעבדה,חמרי ניקוי,רגיל,יחידה,,גרין גלובל,12852030
GLG-L-POWDER-FUNNEL-L,"משפך אבקות גדול - 100מ""מ",מעבדה,חמרי ניקוי,רגיל,יחידה,,גרין גלובל,12852028
GLG-L-PIPETTE-3ML-BOX,פיפטת פלסטיק 3 מל - 109,מעבדה,חמרי ניקוי,רגיל,קופסא,,גרין גלובל,12852026
GLG-L-PH-PAPER-7-14,pH נייר - 7-14,מעבדה,חמרי ניקוי,רגיל,יחידה,,גרין גלובל,12852024
GLG-L-PH-PAPER-0-6,pH נייר - 0-6,מעבדה,חמרי ניקוי,רגיל,יחידה,,גרין גלובל,12852022
GLG-L-PH-PAPER-0-14,pH נייר 0-14,מעבדה,חמרי ניקוי,רגיל,יחידה,,גרין גלובל,12852020
GLG-L-MAGNET-6X30,סטירר מגנטי 6*30,מעבדה,חמרי ניקוי,רגיל,יחידה,,גרין גלובל,12852018
GLG-L-MAGNET-6X20,סטירר מגנטי 6*20,מעבדה,חמרי ניקוי,רגיל,יחידה,,גרין גלובל,12852016
GLG-L-GLOVES-NITRILE-M,כפפות ניטריל - M,מעבדה,חמרי ניקוי,רגיל,קופסא,,גרין גלובל,12852014
GLG-L-GLOVES-NITRILE-L,כפפות ניטריל - L,מעבדה,חמרי ניקוי,רגיל,קופסא,,גרין גלובל,12852012
GLG-L-CYLINDER-50ML,"משורה 50 מ""ל",מעבדה,חמרי ניקוי,רגיל,יחידה,,גרין גלובל,12852010
GLG-L-CYLINDER-500ML,"משורה 500 מ""ל",מעבדה,חמרי ניקוי,רגיל,יחידה,,גרין גלובל,12852008
GLG-L-CYLINDER-25ML,"משורה 25 מ""ל",מעבדה,חמרי ניקוי,רגיל,יחידה,,גרין גלובל,12852006
GLG-L-CYLINDER-100ML,"משורה 100 מ""ל",מעבדה,חמרי ניקוי,רגיל,יחידה,,גרין גלובל,12852004
GLG-L-CORK-RING-80MM,"טבעת שעם - 80 מ""מ",מעבדה,חמרי ניקוי,רגיל,יחידה,,גרין גלובל,12852002
GLG-L-CORK-RING-60MM,"טבעת שעם - 60 מ""מ",מעבדה,חמרי ניקוי,רגיל,יחידה,,גרין גלובל,12852000
GLG-R-H-1KG,קרבומר 940,מעבדה,חמרי ניקוי,אצווה,1KG,,גרין גלובל,12851998
GLG-L-BRUSH-S,מברשת ניקוי - S,מעבדה,חמרי ניקוי,רגיל,יחידה,,גרין גלובל,12851996
GLG-L-BRUSH-M,מברשת ניקוי - M,מעבדה,חמרי ניקוי,רגיל,יחידה,,גרין גלובל,12851994
GLG-L-BRUSH-L,מברשת ניקוי - L,מעבדה,חמרי ניקוי,רגיל,יחידה,,גרין גלובל,12851992
GLG-L-BEAKER-GLASS-600ML,"כוס זכוכית - 600 מ""ל",מעבדה,חמרי ניקוי,רגיל,יחידה,,גרין גלובל,12851990
GLG-L-BEAKER-GLASS-250ML,"כוס זכוכית 250 מ""ל",מעבדה,חמרי ניקוי,רגיל,יחידה,,גרין גלובל,12851988
GLG-L-BEAKER-GLASS-1L,כוס זכוכית -1  ליטר,מעבדה,חמרי ניקוי,רגיל,יחידה,,גרין גלובל,12851986
GLG-L-BEAKER-GLASS-100ML,"כוס זכוכית 100 מ""ל",מעבדה,חמרי ניקוי,רגיל,יחידה,,גרין גלובל,12851984
GLG-L-WOODEN-SPATULA-BOX,מקלות עץ שפדלים,מעבדה,חמרי ניקוי,רגיל,קופסא,,גרין גלובל,12851982
GLG-R-CN-TEA-85%-5L,טריאתנול אמין 85%,חמרי ניקוי,חמרי ניקוי,רגיל,יחידה,,תעשיות,12851665
GLG-R-CN-PHA-85%-35KG,"חומצה זרחתית 85% 35 ק""ג",חמרי ניקוי,חמרי ניקוי,אצווה,35KG,,תעשיות,12851663
GLG-R-KOH-90%-1KG,"פתיתי KOH 90%- אריזה 1 ק""ג",חמרי ניקוי,חמרי ניקוי,אצווה,יחידה,,תעשיות,12851661
GLG-R-CN-CA-25KG,"חומצה ציטרית שק 25 ק""ג",חמרי ניקוי,חמרי ניקוי,אצווה,25KG,,גרין גלובל,12851656
GLG-R-CN-TSC-25KG,"טרי סודיום ציטרט - 25 ק""ג",חמרי ניקוי,חמרי ניקוי,אצווה,25KG,,גרין גלובל,12847912
GLG-R-CN-TKPP-25KG,"טטרה פוטסיום פירו פוספט 25 ק""ג",חמרי ניקוי,חמרי ניקוי,אצווה,25KG,,גרין גלובל,12847910
GLG-R-CN-TEA-85%-20KG,טריאתנול אמין 85% - ג'ריקן 20,חמרי ניקוי,חמרי ניקוי,אצווה,יחידה,,תעשיות,12847908
GLG-R-TZ-SOFTY-637/3-5L,תמצית ריח סופטי 637/3,חמרי ניקוי,חמרי ניקוי,אצווה,5L,,גרין גלובל,12847904
GLG-R-CN-SMS-25KG,"סודיום מטה סיליקט - 25 ק""ג",חמרי ניקוי,חמרי ניקוי,אצווה,25KG,,תעשיות,12847902
GLG-R-QA-1L,אמוניום רבעוני גלספט 50 - 1 ליטר,חמרי ניקוי,חמרי ניקוי,אצווה,1L,,גרין גלובל,12847900
GLG-R-CN-PHA-85%-50K,"חומצה זרחתית 85% 50 ק""ג",חמרי ניקוי,חמרי ניקוי,רגיל,יחידה,,תעשיות,12847896
GLG-R-CN-NP9-213KG,"נוניל  פנול 213 ק""ג",חמרי ניקוי,חמרי ניקוי,אצווה,213KG,,תעשיות,12847892
GLG-R-CN-NAOH-25KG,"שק NaOH פתיתים - 25 ק""ג",חמרי ניקוי,חמרי ניקוי,רגיל,25KG,,תעשיות,12847890
GLG-R-TZ-MESIR-GREASE-5L,תמצית ריח מסיר גריז,חמרי ניקוי,חמרי ניקוי,אצווה,5L,,גרין גלובל,12847888
GLG-R-TZ-LEMON-SIC-5L,תמצית ריח לימון סיק,חמרי ניקוי,חמרי ניקוי,אצווה,5L,,גרין גלובל,12847886
GLG-R-TZ-LAGUNA-5L,תמצית ריח לגונה / אביב,חמרי ניקוי,חמרי ניקוי,אצווה,5L,,גרין גלובל,12847884
GLG-R-CN-IPA-18L,איזופרופיל אלכוהול 99.8%,חמרי ניקוי,חמרי ניקוי,אצווה,18L,,תעשיות,12847880
GLG-R-TZ-FATAL-5L,תמצית ריח פטל מלונות,חמרי ניקוי,חמרי ניקוי,אצווה,5L,,גרין גלובל,12847878
GLG-R-TZ-FAIRY-5L,תמצית ריח פיירי,חמרי ניקוי,חמרי ניקוי,אצווה,5L,,גרין גלובל,12847876
GLG-R-CN-FA-85%-25KG,"חומצת נמלים 85%-25 ק""ג",חמרי ניקוי,חמרי ניקוי,אצווה,25KG,,תעשיות,12847874
GLG-R-CN-ETHANOL-96%-5L,אתנול 96% - 5 ליטר,חמרי ניקוי,חמרי ניקוי,אצווה,5L,,תעשיות,12847872
GLG-ECO_KLEAR-250ML,"מסיר אבנית 3312EL-בקבוק 250 מ""",חמרי ניקוי,חמרי ניקוי,אצווה,יחידה,,תעשיות,12847867
GLG-R-DM-DL-173KG,"דילימונן -173 ק""ג",חמרי ניקוי,חמרי ניקוי,אצווה,173KG,,תעשיות,12847863
GLG-R-TZ-COOL-BLUE-5L,תמצית ריח קול בלו 4363,חמרי ניקוי,חמרי ניקוי,אצווה,5L,,גרין גלובל,12847861
GLG-R-ZC-CARBOMER-20KG,"קרבומר 940 קרטון 20 ק""ג",חמרי ניקוי,חמרי ניקוי,אצווה,20KG,,גרין גלובל,12847859
GLG-R-DM-BG-185KG,"בוטיל גליקול 185 ק""ג",חמרי ניקוי,חמרי ניקוי,אצווה,185KG,,תעשיות,12847855
GLG-R-SY-B226SA-200KG,ברול 226SA,חמרי ניקוי,חמרי ניקוי,אצווה,200KG ,,גרין גלובל,12847853
GLG-R-YA-APG0814-220L,חומר פעיל שטח APG אורך 0814,חמרי ניקוי,חמרי ניקוי,אצווה,220L,,תעשיות,12847849
GLG-8913-20100000-5L,"מנקה מיכלים ודוודים, ג'ריקן 5 ליטר",חמרי ניקוי,חמרי ניקוי,אצווה,5L,תעשייתי,גרין גלובל,12847833
GLG-8913-23010000-25L,"מנקה מיכלים ודוודים, ג'ריקן 25 ליטר",חמרי ניקוי,חמרי ניקוי,אצווה,25L,תעשייתי,גרין גלובל,12847831
GLG-8913-11000000-200L,"מנקה מיכלים ודוודים, חבית 200 ליטר",חמרי ניקוי,חמרי ניקוי,אצווה,200L,תעשייתי,גרין גלובל,12847829
GLG-8913-01000000-1000L,"מנקה מיכלים ודוודים, קובייה 1000 ליטר",חמרי ניקוי,חמרי ניקוי,אצווה,1000L,תעשייתי,גרין גלובל,12847825
GLG-8612-20100000-5L,"מסיר מדבקות, ג'ריקן 5 ליטר",חמרי ניקוי,חמרי ניקוי,אצווה,5L,תעשייתי,גרין גלובל,12847821
GLG-8612-23010000-25L,"מסיר מדבקות, ג'ריקן 25 ליטר",חמרי ניקוי,חמרי ניקוי,אצווה,25L,תעשייתי,גרין גלובל,12847817
GLG-8612-11000000-200L,"מסיר מדבקות, חבית 200 ליטר",חמרי ניקוי,חמרי ניקוי,אצווה,200L,תעשייתי,גרין גלובל,12847815
GLG-8612-01000000-1000L,"מסיר מדבקות, קובייה 1000 ליטר",חמרי ניקוי,חמרי ניקוי,אצווה,1000L,תעשייתי,גרין גלובל,12847811
GLG-8510-20100000-5L,"מסיר צבע, ג'ריקן 5 ליטר",חמרי ניקוי,חמרי ניקוי,אצווה,5L,תעשייתי,גרין גלובל,12847805
GLG-8510-23010000-25L,"מסיר צבע, ג'ריקן 25 ליטר",חמרי ניקוי,חמרי ניקוי,אצווה,25L,תעשייתי,גרין גלובל,12847801
GLG-8510-11000000-200L,"מסיר צבע, חבית 200 ליטר",חמרי ניקוי,חמרי ניקוי,אצווה,200L,תעשייתי,גרין גלובל,12847797
GLG-8510-01000000-1000L,"מסיר צבע, קובייה 1000 ליטר",חמרי ניקוי,חמרי ניקוי,אצווה,1000L,תעשייתי,גרין גלובל,12847793
GLG-8111-20100500-5L,"מנקה מנועים וחדרי מכונה, ג'ריקן 5 ליטר",חמרי ניקוי,חמרי ניקוי,אצווה,5L,תעשייתי,גרין גלובל,12847777
GLG-8111-11000500-200L,"מנקה מנועים וחדרי מכונה, חבית 200 ליטר",חמרי ניקוי,חמרי ניקוי,אצווה,200L,תעשייתי,גרין גלובל,12847773
GLG-8111-01000500-1000L,"מנקה מנועים וחדרי מכונה, קובייה 1000 ליטר",חמרי ניקוי,חמרי ניקוי,אצווה,1000L,תעשייתי,גרין גלובל,12847769
GLG-N-7076-99000000-KIT,"ערכה להכנת 100 ק""ג נוזל ניקוי רב תכליתי מרוכז",חמרי ניקוי,חמרי ניקוי,רגיל,KIT,תעשייתי,גרין גלובל,12847711
GLG-7076-20100000-5L,"נוזל ניקוי רב תכליתי מרוכז, ג'ריקן 5 ליטר",חמרי ניקוי,חמרי ניקוי,אצווה,5L,תעשייתי,גרין גלובל,12847705
GLG-7076-23010000-25L,"נוזל ניקוי רב תכליתי מרוכז, ג'ריקן 25 ליטר",חמרי ניקוי,חמרי ניקוי,אצווה,25L,תעשייתי,גרין גלובל,12847701
GLG-7076-10000000-200L,"נוזל ניקוי רב תכליתי מרוכז, חבית 200 ליטר",חמרי ניקוי,חמרי ניקוי,אצווה,200L,תעשייתי,גרין גלובל,12847699
GLG-7076-01000000-1000L,"נוזל ניקוי רב תכליתי מרוכז, קובייה 1000 ליטר",חמרי ניקוי,חמרי ניקוי,אצווה,1000L,תעשייתי,גרין גלובל,12847695
GLG-6815-20100305-5L,"נוזל כביסה בניחוח מרענן, ג'ריקן 5 ליטר",חמרי ניקוי,חמרי ניקוי,אצווה,5L,בייתי,גרין גלובל,12847597
GLG-6815-23010305-25L,"נוזל כביסה בניחוח מרענן, ג'ריקן 25 ליטר",חמרי ניקוי,חמרי ניקוי,אצווה,25L,בייתי,גרין גלובל,12847595
GLG-6818-20100000-5L,"תרכיז ניקוי רב תכליתי, ג'ריקן 5 ליטר",חמרי ניקוי,חמרי ניקוי,אצווה,5L,בייתי,גרין גלובל,12847557
GLG-6818-23010000-25L,"תרכיז ניקוי רב תכליתי, ג'ריקן 25 ליטר",חמרי ניקוי,חמרי ניקוי,אצווה,25L,בייתי,גרין גלובל,12847555
GLG-6818-10000000-200L,"תרכיז ניקוי רב תכליתי, חבית 200 ליטר",חמרי ניקוי,חמרי ניקוי,אצווה,200L,בייתי,גרין גלובל,12847553
GLG-6818-01000000-1000L,"תרכיז ניקוי רב תכליתי, קובייה 1000 ליטר",חמרי ניקוי,חמרי ניקוי,אצווה,1000L,בייתי,גרין גלובל,12847549
GLG-6814-20100300-5L,"מסיר שומנים לחלקי אלומיניום, ג'ריקן 5 ליטר",חמרי ניקוי,חמרי ניקוי,אצווה,5L,תעשייתי,גרין גלובל,12847543
GLG-6814-23010300-25L,"מסיר שומנים לחלקי אלומיניום, ג'ריקן 25 ליטר",חמרי ניקוי,חמרי ניקוי,אצווה,25L,תעשייתי,גרין גלובל,12847541
GLG-6814-10000300-200L,"מסיר שומנים לחלקי אלומיניום, חבית 200 ליטר",חמרי ניקוי,חמרי ניקוי,אצווה,200L,תעשייתי,גרין גלובל,12847539
GLG-6814-01000300-1000L,"מסיר שומנים לחלקי אלומיניום, קובייה 1000 ליטר",חמרי ניקוי,חמרי ניקוי,אצווה,1000L,תעשייתי,גרין גלובל,12847535
GLG-6327-20100000-5L,"נוזל לניקוי והסרת כתמים מבדים, ג'ריקן 5 ליטר",חמרי ניקוי,חמרי ניקוי,אצווה,5L,תעשייתי,גרין גלובל,12847523
GLG-6327-23010000-25L,"נוזל לניקוי והסרת כתמים מבדים, ג'ריקן 25 ליטר",חמרי ניקוי,חמרי ניקוי,אצווה,25L,תעשייתי,גרין גלובל,12847519
GLG-6327-10000000-200L,"נוזל לניקוי והסרת כתמים מבדים, חבית 200 ליטר",חמרי ניקוי,חמרי ניקוי,אצווה,200L,תעשייתי,גרין גלובל,12847517
GLG-6209-20100000-5L,"מסיר פיח, ג'ריקן 5 ליטר",חמרי ניקוי,חמרי ניקוי,אצווה,5L,תעשייתי,גרין גלובל,12847509
GLG-6209-21010000-25L,"מסיר פיח, ג'ריקן 25 ליטר",חמרי ניקוי,חמרי ניקוי,אצווה,יחידה,תעשייתי,גרין גלובל,12847507
GLG-6209-10000000-200L,"מסיר פיח, חבית 200 ליטר",חמרי ניקוי,חמרי ניקוי,אצווה,200L,תעשייתי,גרין גלובל,12847505
GLG-6209-01000000-1000L,"מסיר פיח, קובייה 1000 ליטר",חמרי ניקוי,חמרי ניקוי,אצווה,1000L,תעשייתי,גרין גלובל,12847501
GLG-6045-23010000-25L,"נוזל לניקוי פירות וירקות, ג'ריקן 25 ליטר",חמרי ניקוי,חמרי ניקוי,אצווה,25L,תעשייתי,גרין גלובל,12847497
GLG-6022-42310403-750ML,"מסיר שומנים לתעשיית המזון והמשקאות מבושם, תרסיס 750 מ""ל",חמרי ניקוי,חמרי ניקוי,אצווה,750ML,מוסדי,גרין גלובל,12847493
GLG-6022-20100403-5L,"מסיר שומנים לתעשיית המזון והמשקאות מבושם, ג'ריקן 5 ליטר",חמרי ניקוי,חמרי ניקוי,אצווה,5L,מוסדי,גרין גלובל,12847491
GLG-6022-23010403-25L,"מסיר שומנים לתעשיית המזון והמשקאות מבושם, ג'ריקן 25 ליטר",חמרי ניקוי,חמרי ניקוי,אצווה,25L,מוסדי,גרין גלובל,12847489
GLG-6022-10000403-200L,"מסיר שומנים לתעשיית המזון והמשקאות מבושם, חבית 200 ליטר",חמרי ניקוי,חמרי ניקוי,אצווה,200L,מוסדי,גרין גלובל,12847487
GLG-6022-01000403-1000L,"מסיר שומנים לתעשיית המזון והמשקאות מבושם, קובייה 1000 ליטר",חמרי ניקוי,חמרי ניקוי,אצווה,1000L,מוסדי,גרין גלובל,12847483
GLG-6010-20100000-5L,"נוזל מרוכז לשטיפת רצפת חדרי מכונה, ג'ריקן 5 ליטר",חמרי ניקוי,חמרי ניקוי,אצווה,5L,תעשייתי,גרין גלובל,12847447
GLG-6010-23010000-25L,"נוזל מרוכז לשטיפת רצפת חדרי מכונה, ג'ריקן 25 ליטר",חמרי ניקוי,חמרי ניקוי,אצווה,25L,תעשייתי,גרין גלובל,12847445
GLG-6010-10000000-200L,"נוזל מרוכז לשטיפת רצפת חדרי מכונה, חבית 200 ליטר",חמרי ניקוי,חמרי ניקוי,אצווה,200L,תעשייתי,גרין גלובל,12847443
GLG-6010-01000000-1000L,"נוזל מרוכז לשטיפת רצפת חדרי מכונה, קוביה 1000 ליטר",חמרי ניקוי,חמרי ניקוי,אצווה,1000L,תעשייתי,גרין גלובל,12847439
GLG-6020-42300002-750ML,"נוזל רצפה מרוכז בניחוח אביב, בקבוק 750 מ""ל",חמרי ניקוי,חמרי ניקוי,אצווה,750ML,מוסדי,גרין גלובל,12847435
GLG-6020-23010002-25L,"נוזל רצפה מרוכז בניחוח אביב, ג'ריקן 25 ליטר",חמרי ניקוי,חמרי ניקוי,אצווה,25L,מוסדי,גרין גלובל,12847433
GLG-N-6011-99000400-KIT,"ערכה להכנת 100 ק""ג מסיר שומנים מרוכז",חמרי ניקוי,חמרי ניקוי,רגיל,KIT,תעשייתי,גרין גלובל,12847413
GLG-6011-42310400-750ML,"מסיר שומנים מרוכז, תרסיס 750 מ""ל",חמרי ניקוי,חמרי ניקוי,אצווה,750ML,תעשייתי,גרין גלובל,12847405
GLG-6011-20100400-5L,"מסיר שומנים מרוכז, ג'ריקן 5 ליטר",חמרי ניקוי,חמרי ניקוי,אצווה,5L,תעשייתי,גרין גלובל,12847403
GLG-6011-23010400-25L,"מסיר שומנים מרוכז, ג'ריקן 25 ליטר",חמרי ניקוי,חמרי ניקוי,אצווה,25L,תעשייתי,גרין גלובל,12847399
GLG-6011-10000400-200L,"מסיר שומנים מרוכז, חבית 200 ליטר",חמרי ניקוי,חמרי ניקוי,אצווה,200L,תעשייתי,גרין גלובל,12847397
GLG-6011-01000400-1000L,"מסיר שומנים מרוכז, קובייה 1000 ליטר",חמרי ניקוי,חמרי ניקוי,אצווה,1000L,תעשייתי,גרין גלובל,12847393
GLG-6002-20100000-5L,"מסיר שומנים לציוד חקלאי, ג'ריקן 5 ליטר",חמרי ניקוי,חמרי ניקוי,אצווה,5L,תעשייתי,גרין גלובל,12847389
GLG-6002-23010000-25L,"מסיר שומנים לציוד חקלאי, ג'ריקן 25 ליטר",חמרי ניקוי,חמרי ניקוי,אצווה,25L,תעשייתי,גרין גלובל,12847387
GLG-6002-10000000-200L,"מסיר שומנים לציוד חקלאי, חבית 200 ליטר",חמרי ניקוי,חמרי ניקוי,אצווה,200L,תעשייתי,גרין גלובל,12847385
GLG-6002-01000000-1000L,"מסיר שומנים לציוד חקלאי, קובייה 1000 ליטר",חמרי ניקוי,חמרי ניקוי,אצווה,1000L,תעשייתי,גרין גלובל,12847381
GLG-N-3712-99000000-KIT,"ערכה להכנת 100 ק""ג מסיר חלודה תעשייתי",חמרי ניקוי,חמרי ניקוי,רגיל,KIT,תעשייתי,גרין גלובל,12847379
GLG-3712-20100000-5L,"מסיר חלודה תעשייתי, ג'ריקן 5 ליטר",חמרי ניקוי,חמרי ניקוי,אצווה,5L,תעשייתי,גרין גלובל,12847375
GLG-3712-23010000-25L,"מסיר חלודה תעשייתי, ג'ריקן 25 ליטר",חמרי ניקוי,חמרי ניקוי,אצווה,25L,תעשייתי,גרין גלובל,12847371
GLG-3712-10000000-200L,"מסיר חלודה תעשייתי, חבית 200 ליטר",חמרי ניקוי,חמרי ניקוי,אצווה,200L,תעשייתי,גרין גלובל,12847369
GLG-3712-01000000-1000L,"מסיר חלודה תעשייתי, קובייה 1000 ליטר",חמרי ניקוי,חמרי ניקוי,אצווה,1000L,תעשייתי,גרין גלובל,12847365
GLG-3313-20100001-5L,"נוזל ניקוי רב תכליתי לחדרי אמבטיה ושירותים - חזק במיוחד בניחוח לימון, ג'ריקן 5 ליטר",חמרי ניקוי,חמרי ניקוי,אצווה,5L,בייתי,גרין גלובל,12847361
GLG-3313-42310001-750ML,"נוזל ניקוי רב תכליתי לחדרי אמבטיה ושירותים - חזק במיוחד בניחוח לימון, תרסיס 750 מ""ל",חמרי ניקוי,חמרי ניקוי,אצווה,750ML,בייתי,גרין גלובל,12847359
GLG-3313-23010001-25L,"נוזל ניקוי רב תכליתי לחדרי אמבטיה ושירותים - חזק במיוחד בניחוח לימון, ג'ריקן 25 ליטר",חמרי ניקוי,חמרי ניקוי,אצווה,25L,בייתי,גרין גלובל,12847355
GLG-3313-10000001-200L,"נוזל ניקוי רב תכליתי לחדרי אמבטיה ושירותים - חזק במיוחד בניחוח לימון, חבית 200 ליטר",חמרי ניקוי,חמרי ניקוי,אצווה,200L,בייתי,גרין גלובל,12847353
GLG-3313-01000001-1000L,"נוזל ניקוי רב תכליתי לחדרי אמבטיה ושירותים - חזק במיוחד, בניחוח לימון, קוביה 1000 ליטר",חמרי ניקוי,חמרי ניקוי,אצווה,1000L,בייתי,גרין גלובל,12847349
GLG-3317-20100000-5L,"מסיר אבנית ממחליפי חום, ג'ריקן 5 ליטר",חמרי ניקוי,חמרי ניקוי,אצווה,5L,תעשייתי,גרין גלובל,12847345
GLG-3317-23010000-25L,"מסיר אבנית ממחליפי חום, ג'ריקן 25 ליטר",חמרי ניקוי,חמרי ניקוי,אצווה,25L,תעשייתי,גרין גלובל,12847341
GLG-3317-10000000-200L,"מסיר אבנית ממחליפי חום, חבית 200 ליטר",חמרי ניקוי,חמרי ניקוי,אצווה,200L,תעשייתי,גרין גלובל,12847337
GLG-3317-01000000-1000L,"מסיר אבנית ממחליפי חום, קוביה 1000 ליטר",חמרי ניקוי,חמרי ניקוי,אצווה,1000L,תעשייתי,גרין גלובל,12847333
GLG-N-3312-99000000-KIT,"ערכה להכנת 100 ק""ג מסיר אבנית תעשייתי",חמרי ניקוי,חמרי ניקוי,אצווה,KIT,תעשייתי,גרין גלובל,12847315
GLG-3312-20100000-5L,"מסיר אבנית תעשייתי, ג'ריקן 5 ליטר",חמרי ניקוי,חמרי ניקוי,אצווה,5L,תעשייתי,גרין גלובל,12847311
GLG-3312-23010000-25L,"מסיר אבנית תעשייתי, ג'ריקן 25 ליטר",חמרי ניקוי,חמרי ניקוי,אצווה,25L,תעשייתי,גרין גלובל,12847307
GLG-3312-10000000-200L,"מסיר אבנית תעשייתי, חבית 200 ליטר",חמרי ניקוי,חמרי ניקוי,אצווה,200L,תעשייתי,גרין גלובל,12847305
GLG-3312-01000000-1000L,"מסיר אבנית תעשייתי, קוביה 1000 ליטר",חמרי ניקוי,חמרי ניקוי,אצווה,1000L,תעשייתי,גרין גלובל,12847301
GLG-2101-42300006-750ML,"מרכך כביסה מבושם, בקבוק 750 מ""ל",חמרי ניקוי,חמרי ניקוי,אצווה,750ML,מוסדי,גרין גלובל,12847285
GLG-L-SCOOP-PP-5ML,"כף שקילה 5 מ""ל",CHEN,חמרי ניקוי,רגיל,יחידה,,גרין גלובל,12830339
GLG-L-SCOOP-PP-2ML,"כף שקילה 2 מ""מ",CHEN,חמרי ניקוי,רגיל,יחידה,,גרין גלובל,12830334
GLG-L-SCOOP-PP-10ML,"כף שקילה 10 מ""ל",CHEN,חמרי ניקוי,רגיל,יחידה,,גרין גלובל,12830329
GLG-L-PH-PAPER-4.5-10,נייר 4.5-10 PH,CHEN,חמרי ניקוי,רגיל,יחידה,,גרין גלובל,12830312
GLG-L-MAGNET-8X50,סטירר מגנטי 8*50,CHEN,חמרי ניקוי,רגיל,יחידה,,גרין גלובל,12830304
GLG-L-MAGNET-8X40,סטירר מגנטי 8*40,CHEN,חמרי ניקוי,רגיל,יחידה,,גרין גלובל,12830302
GLG-L-MAGNET-6X15,סטירר מגנטי 6*15,CHEN,חמרי ניקוי,רגיל,יחידה,,גרין גלובל,12830294
GLG-L-MAGNET-RETRIEVER,שולה מגנטים,CHEN,חמרי ניקוי,רגיל,יחידה,,גרין גלובל,12830292
GLG-L-GLOVES-LATEX-XL,כפפות לטקס XL,CHEN,חמרי ניקוי,רגיל,יחידה,,גרין גלובל,12830290
GLG-P-C20,ג'ריקן 5 ליטר טבעי,שונות-רוטל,חמרי ניקוי,רגיל,יחידה,,גרין גלובל,12828172
GLG-P-C23,ג'ריקן 25 ליטר טבעי,שונות-רוטל,חמרי ניקוי,רגיל,יחידה,,גרין גלובל,12828170
GLG-P-C21,ג'ריקן 10 ליטר טבעי,שונות-רוטל,חמרי ניקוי,רגיל,יחידה,,גרין גלובל,12828168
GLG-P-C50,"בקבוק 250 מ""ל שקוף",חמרי ניקוי,חמרי ניקוי,רגיל,יחידה,,גרין גלובל,12828160
,,,,,,,,
